query_id;dop;execution_time;executor_start_time;query_used_mem;operator_mem;process_used_mem;estimate_work_mem;cstore_buffers;instance_mem;max_dynamic_memory;dynamic_startup_memory;init_used_memory;dynamic_peak_memory;other_memory;io_time;cpu_time;total_costs;operator_num;table_names;query_string;
1;8;56804;8.333;280576;64404;70787072;52428800;104857600;524288000;300350464;1746944;1786880;2027520;2288640;0;0;3.17714e+07;7;lineitem;select  l_returnflag,  l_linestatus,  sum(l_quantity) as sum_qty,  sum(l_extendedprice) as sum_base_price,  sum(l_extendedprice * (1 - l_discount)) as sum_disc_price,  sum(l_extendedprice * (1 - l_discount) * (1 + l_tax)/1000) as sum_charge,   avg(l_quantity) as avg_qty,  avg(l_extendedprice) as avg_price,  avg(l_discount) as avg_disc,  count(*) as count_order from  lineitem where  l_shipdate <= date '1998-12-01' - NUMTODSINTERVAL(3,'DAY') group by  l_returnflag,  l_linestatus order by  l_returnflag,  l_linestatus;
3;8;56080.1;63.434;4249600;4120088;48250880;52428800;104857600;524288000;300350464;1746944;2023424;5996544;2638848;0;0;1.62105e+08;15;lineitem,orders,customer;select  l_orderkey,  sum(l_extendedprice * (1 - l_discount)) as revenue,  o_orderdate,  o_shippriority from  customer,  orders,  lineitem where  c_mktsegment = 'BUILDING'  and c_custkey = o_custkey  and l_orderkey = o_orderkey  and o_orderdate < '1995-03-15'::date  and l_shipdate > '1995-03-15'::date group by  l_orderkey,  o_orderdate,  o_shippriority order by  revenue desc,  o_orderdate limit 10 ;
4;8;54850.2;28.376;5277696;5416079;32261120;52428800;104857600;524288000;300350464;1746944;1939456;7024640;1248256;0;0;2.23622e+07;13;lineitem,orders;select  o_orderpriority,  count(*) as order_count from  orders where  o_orderdate >= '1993-07-01'::date  and o_orderdate < '1993-07-01'::date + NUMTOYMINTERVAL(3,'month')  and exists (   select    *   from    lineitem   where    l_orderkey = o_orderkey    and l_commitdate < l_receiptdate  ) group by  o_orderpriority order by  o_orderpriority;
5;8;23663.7;90.372;2034688;1792217;47374336;52428800;104857600;524288000;300350464;1746944;2247680;3781632;1778688;0;0;2.58926e+07;22;region,nation,supplier,lineitem,orders,customer;select  n_name,  sum(l_extendedprice * (1 - l_discount)) as revenue from  customer,  orders,  lineitem,  supplier,  nation,  region where  c_custkey = o_custkey  and l_orderkey = o_orderkey  and l_suppkey = s_suppkey  and c_nationkey = s_nationkey  and s_nationkey = n_nationkey  and n_regionkey = r_regionkey  and r_name = 'ASIA'  and o_orderdate >= '1994-01-01'::date  and o_orderdate < '1994-01-01'::date + NUMTOYMINTERVAL(1,'year') group by  n_name order by  revenue desc;
6;8;12135.9;3.275;111616;9304;48914432;52428800;104857600;524288000;300350464;1746944;1756160;1858560;1597440;0;0;1.30117e+07;5;lineitem;select  sum(l_extendedprice * l_discount) as revenue from  lineitem where  l_shipdate >= '1994-01-01'::date   and l_shipdate < '1994-01-01'::date + NUMTOYMINTERVAL(1,'year')  and l_discount between 0.06 - 0.01 and 0.06 + 0.01  and l_quantity < 24;
7;8;25003.6;86.004;3097600;2767411;50662400;52428800;104857600;524288000;300350464;1746944;2248704;4844544;1547264;0;0;2.56905e+07;22;nation,customer,orders,lineitem,supplier;select  supp_nation,  cust_nation,  l_year,  sum(volume) as revenue from  (   select    n1.n_name as supp_nation,    n2.n_name as cust_nation,    extract(year from l_shipdate) as l_year,    l_extendedprice * (1 - l_discount) as volume   from    supplier,    lineitem,    orders,    customer,    nation n1,    nation n2   where    s_suppkey = l_suppkey    and o_orderkey = l_orderkey    and c_custkey = o_custkey    and s_nationkey = n1.n_nationkey    and c_nationkey = n2.n_nationkey    and (     (n1.n_name = 'FRANCE' and n2.n_name = 'GERMANY')     or (n1.n_name = 'GERMANY' and n2.n_name = 'FRANCE')    )    and l_shipdate between date '1995-01-01' and date '1996-12-31'  ) as shipping group by  supp_nation,  cust_nation,  l_year order by  supp_nation,  cust_nation,  l_year;
8;8;21459.3;56.668;2427904;2345323;52796416;52428800;104857600;524288000;300350464;1746944;2108416;4174848;1869824;0;0;2.57707e+07;24;region,nation,customer,orders,lineitem,supplier,part;select  o_year,  sum(case   when nation = 'BRAZIL' then volume   else 0  end) / sum(volume) as mkt_share from  (   select    extract(year from o_orderdate) as o_year,    l_extendedprice * (1 - l_discount) as volume,    n2.n_name as nation   from    part,    supplier,    lineitem,    orders,    customer,    nation n1,    nation n2,    region   where    p_partkey = l_partkey    and s_suppkey = l_suppkey    and l_orderkey = o_orderkey    and o_custkey = c_custkey    and c_nationkey = n1.n_nationkey    and n1.n_regionkey = r_regionkey    and r_name = 'AMERICA'    and s_nationkey = n2.n_nationkey    and o_orderdate between date '1995-01-01' and date '1996-12-31'    and p_type = 'ECONOMY ANODIZED STEEL'  ) as all_nations group by  o_year order by  o_year;
10;8;23097;66.425;7170048;6789281;51753984;52428800;104857600;524288000;300350464;1746944;2061312;8916992;3087360;0;0;1.25198e+08;18;nation,lineitem,orders,customer;select  c_custkey,  c_name,  sum(l_extendedprice * (1 - l_discount)) as revenue,  c_acctbal,  n_name,  c_address,  c_phone,  c_comment from  customer,  orders,  lineitem,  nation where  c_custkey = o_custkey  and l_orderkey = o_orderkey  and o_orderdate >= date '1993-10-01'  and o_orderdate < date '1993-10-01' + NUMTOYMINTERVAL(3,'month')  and l_returnflag = 'R'  and c_nationkey = n_nationkey group by  c_custkey,  c_name,  c_acctbal,  c_phone,  n_name,  c_address,  c_comment order by  revenue desc limit 20 ;
11;8;8017.52;9.098;790528;601058;14509056;52428800;104857600;524288000;300350464;1746944;1783808;2537472;130048;0;0;1.391e+07;18;nation,supplier,partsupp;select  ps_partkey,  sum(ps_supplycost * ps_availqty) as value from  partsupp,  supplier,  nation where  ps_suppkey = s_suppkey  and s_nationkey = n_nationkey  and n_name = 'GERMANY' group by  ps_partkey having   sum(ps_supplycost * ps_availqty) > (    select     sum(ps_supplycost * ps_availqty) * 0.0001/100    from     partsupp,     supplier,     nation    where     ps_suppkey = s_suppkey     and s_nationkey = n_nationkey     and n_name = 'GERMANY'   ) order by  value desc;
12;8;33078.1;12.854;3110912;2819403;47045632;52428800;104857600;524288000;300350464;1746944;1829888;4857856;2048000;0;0;2.82928e+07;10;lineitem,orders;select  l_shipmode,  sum(case   when o_orderpriority = '1-URGENT'    or o_orderpriority = '2-HIGH'    then 1   else 0  end) as high_line_count,  sum(case   when o_orderpriority <> '1-URGENT'    and o_orderpriority <> '2-HIGH'    then 1   else 0  end) as low_line_count from  orders,  lineitem where  o_orderkey = l_orderkey  and l_shipmode in ('MAIL', 'SHIP')  and l_commitdate < l_receiptdate  and l_shipdate < l_commitdate  and l_receiptdate >= date '1994-01-01'  and l_receiptdate < date '1994-01-01' + NUMTOYMINTERVAL(1,'year') group by  l_shipmode order by  l_shipmode;
13;8;31650;21.468;1540096;1181001;22177792;52428800;104857600;524288000;300350464;1746944;1895424;3287040;1395712;0;0;2.16663e+07;13;orders,customer;select  c_count,  count(*) as custdist from  (   select    c_custkey,    count(*)   from    customer left outer join orders on     c_custkey = o_custkey     and o_comment not like '%special%request%'   group by    c_custkey  ) as c_orders (c_custkey, c_count) group by  c_count order by  custdist desc,  c_count desc;
14;8;11365.6;13.69;1378304;1088812;44425216;52428800;104857600;524288000;300350464;1746944;1827840;3125248;2083840;0;0;1.66991e+07;9;part,lineitem;select  100 * sum(case   when p_type like 'PROMO%'    then l_extendedprice * (1 - l_discount)/10   else 0  end) / sum(l_extendedprice * (1 - l_discount)/1000) as promo_revenue  from  lineitem,  part where  l_partkey = p_partkey  and l_shipdate >= date '1995-09-01'  and l_shipdate < date '1995-09-01' + NUMTOYMINTERVAL(1,'month');
15;8;74331.8;2.023;226304;179429;43104256;52428800;104857600;524288000;300350464;1746944;1751040;1973248;1500160;0;0;6.42969e+07;10;lineitem,supplier;with revenue as (         select                 l_suppkey as supplier_no,                 sum(l_extendedprice * (1 - l_discount)) as total_revenue         from                 lineitem         where                 l_shipdate >= date '1996-01-01'                 and l_shipdate < date '1996-01-01' + NUMTOYMINTERVAL(3,'month')         group by                 l_suppkey ) select         s_suppkey,         s_name,         s_address,         s_phone,         total_revenue from         supplier,         revenue where         s_suppkey = supplier_no         and total_revenue = (                 select                         max(total_revenue)                 from                         revenue         ) order by         s_suppkey;
16;8;4688.47;24.079;1959936;1589595;14640128;52428800;104857600;524288000;300350464;1746944;1911808;3706880;678912;0;0;9.59255e+06;16;supplier,part,partsupp;select  p_brand,  p_type,  p_size,  count(ps_suppkey) as supplier_cnt  from  partsupp,  part where  p_partkey = ps_partkey  and p_brand <> 'Brand#45'  and p_type not like 'MEDIUM POLISHED%'  and p_size in (49, 14, 23, 45, 19, 3, 36, 9)  and ps_suppkey not in (   select    s_suppkey   from    supplier   where    s_comment like '%Customer%Complaints%'  ) group by  p_brand,  p_type,  p_size order by  supplier_cnt desc,  p_brand,  p_type,  p_size limit 100 ;
17;8;106701;29.133;15341568;14899075;39436288;52428800;104857600;524288000;300350464;1746944;1938432;17088512;1321984;0;0;3.47954e+07;14;part,lineitem;select  sum(l_extendedprice) / 7.0 as avg_yearly from  lineitem,  part,  (select       l_partkey as temp_l_partkey, 0.2 * avg(l_quantity) as temp_avg   from   lineitem   group by l_partkey  ) as temp where  p_partkey = l_partkey  and p_brand = 'Brand#23'  and p_container = 'MED BOX'  and l_quantity < temp_avg  and p_partkey = temp_l_partkey;
18;8;89302.3;75.226;22435840;23673483;34812928;52428800;104857600;524288000;300350464;1746944;2191360;24182784;1865728;0;0;6.03507e+07;22;lineitem,orders,customer;select  c_name,  c_custkey,  o_orderkey,  o_orderdate,  o_totalprice,  sum(l_quantity) from  customer,  orders,  lineitem where  o_orderkey in (   select    l_orderkey   from    lineitem   group by    l_orderkey having     sum(l_quantity) > 300  )  and c_custkey = o_custkey  and o_orderkey = l_orderkey group by  c_name,  c_custkey,  o_orderkey,  o_orderdate,  o_totalprice order by  o_totalprice desc,  o_orderdate limit 100;
19;8;36170.2;11.527;911360;616310;81188864;52428800;104857600;524288000;300350464;1746944;1824768;2658304;2610176;0;0;1.74344e+07;9;part,lineitem;select  sum(l_extendedprice* (1 - l_discount)) as revenue from  lineitem,  part where  (   p_partkey = l_partkey   and p_brand = 'Brand#12'   and p_container in ('SM CASE', 'SM BOX', 'SM PACK', 'SM PKG')   and l_quantity >= 1 and l_quantity <= 1 + 10   and p_size between 1 and 5   and l_shipmode in ('AIR', 'AIR REG')   and l_shipinstruct = 'DELIVER IN PERSON'  )  or  (   p_partkey = l_partkey   and p_brand = 'Brand#23'   and p_container in ('MED BAG', 'MED BOX', 'MED PKG', 'MED PACK')   and l_quantity >= 10 and l_quantity <= 10 + 10   and p_size between 1 and 10   and l_shipmode in ('AIR', 'AIR REG')   and l_shipinstruct = 'DELIVER IN PERSON'  )  or  (   p_partkey = l_partkey   and p_brand = 'Brand#34'   and p_container in ('LG CASE', 'LG BOX', 'LG PACK', 'LG PKG')   and l_quantity >= 20 and l_quantity <= 20 + 10   and p_size between 1 and 15   and l_shipmode in ('AIR', 'AIR REG')   and l_shipinstruct = 'DELIVER IN PERSON'  );
20;8;28126.4;96.305;9208832;8609630;41048064;52428800;104857600;524288000;300350464;1746944;2197504;10955776;2109440;0;0;5.89468e+07;19;lineitem,part,partsupp,nation,supplier;select  s_name,  s_address from  supplier,  nation where  s_suppkey in (   select    ps_suppkey   from    partsupp,    (     select      l_partkey as temp_l_partkey, l_suppkey as temp_l_suppkey, 0.5 * sum(l_quantity) as temp_l_quantity     from      lineitem     where      l_shipdate >= date '1994-01-01'      and l_shipdate < date '1994-01-01' + NUMTOYMINTERVAL(1,'year')     group by l_partkey, l_suppkey    ) as temp   where       temp_l_partkey = ps_partkey    and temp_l_suppkey = ps_suppkey    and ps_partkey in (     select      p_partkey     from      part     where      p_name like 'forest%'    )    and ps_availqty > temp_l_quantity  )  and s_nationkey = n_nationkey  and n_name = 'CANADA' order by  s_name;
21;8;105791;152.939;46773248;45882804;34825216;52428800;104857600;524288000;300350464;1746944;2563072;48520192;1822720;0;0;1.30486e+08;27;nation,orders,lineitem,supplier;select  s_name,  count(*) as numwait from  supplier,  lineitem l1,  orders,  nation where  s_suppkey = l1.l_suppkey  and o_orderkey = l1.l_orderkey  and o_orderstatus = 'F'  and l1.l_receiptdate > l1.l_commitdate  and exists (   select    *   from    lineitem l2   where    l2.l_orderkey = l1.l_orderkey    and l2.l_suppkey <> l1.l_suppkey  )  and not exists (   select    *   from    lineitem l3   where    l3.l_orderkey = l1.l_orderkey    and l3.l_suppkey <> l1.l_suppkey    and l3.l_receiptdate > l3.l_commitdate  )  and s_nationkey = n_nationkey  and n_name = 'SAUDI ARABIA' group by  s_name order by  numwait desc,  s_name limit 100;
22;8;40336;19.817;576512;229305;13255680;52428800;104857600;524288000;300350464;1746944;1867776;2323456;218112;0;0;1.44747e+07;13;orders,customer;select  cntrycode,  count(*) as numcust,  sum(c_acctbal) as totacctbal from  (   select    substring(c_phone from 1 for 2) as cntrycode,    c_acctbal   from    customer   where    substring(c_phone from 1 for 2) in     ('13', '31', '23', '29', '30', '18', '17')    and c_acctbal > (     select      avg(c_acctbal)     from      customer     where      c_acctbal > 0.00      and substring(c_phone from 1 for 2) in       ('13', '31', '23', '29', '30', '18', '17')    )    and not exists (     select      *     from      orders     where      o_custkey = c_custkey    )  ) as custsale group by  cntrycode order by  cntrycode;
1;16;28312.3;29.274;569344;128503;71314432;52428800;104857600;524288000;300350464;1746944;1957888;2316288;2643968;0;0;1.59662e+07;7;lineitem;select  l_returnflag,  l_linestatus,  sum(l_quantity) as sum_qty,  sum(l_extendedprice) as sum_base_price,  sum(l_extendedprice * (1 - l_discount)) as sum_disc_price,  sum(l_extendedprice * (1 - l_discount) * (1 + l_tax)/1000) as sum_charge,   avg(l_quantity) as avg_qty,  avg(l_extendedprice) as avg_price,  avg(l_discount) as avg_disc,  count(*) as count_order from  lineitem where  l_shipdate <= date '1998-12-01' - NUMTODSINTERVAL(3,'DAY') group by  l_returnflag,  l_linestatus order by  l_returnflag,  l_linestatus;
3;16;29556.5;128.658;5062656;4559848;48957440;52428800;104857600;524288000;300350464;1746944;2366464;6809600;3012608;0;0;1.32012e+08;15;lineitem,orders,customer;select  l_orderkey,  sum(l_extendedprice * (1 - l_discount)) as revenue,  o_orderdate,  o_shippriority from  customer,  orders,  lineitem where  c_mktsegment = 'BUILDING'  and c_custkey = o_custkey  and l_orderkey = o_orderkey  and o_orderdate < '1995-03-15'::date  and l_shipdate > '1995-03-15'::date group by  l_orderkey,  o_orderdate,  o_shippriority order by  revenue desc,  o_orderdate limit 10 ;
4;16;28307.9;136.481;5684224;5450413;32770048;52428800;104857600;524288000;300350464;1746944;2413568;7431168;1420288;0;0;1.14996e+07;13;lineitem,orders;select  o_orderpriority,  count(*) as order_count from  orders where  o_orderdate >= '1993-07-01'::date  and o_orderdate < '1993-07-01'::date + NUMTOYMINTERVAL(3,'month')  and exists (   select    *   from    lineitem   where    l_orderkey = o_orderkey    and l_commitdate < l_receiptdate  ) group by  o_orderpriority order by  o_orderpriority;
5;16;14258.5;219.351;4122624;3564985;48752640;52428800;104857600;524288000;300350464;1746944;2936832;5869568;2654208;0;0;1.40012e+07;22;region,nation,supplier,lineitem,orders,customer;select  n_name,  sum(l_extendedprice * (1 - l_discount)) as revenue from  customer,  orders,  lineitem,  supplier,  nation,  region where  c_custkey = o_custkey  and l_orderkey = o_orderkey  and l_suppkey = s_suppkey  and c_nationkey = s_nationkey  and s_nationkey = n_nationkey  and n_regionkey = r_regionkey  and r_name = 'ASIA'  and o_orderdate >= '1994-01-01'::date  and o_orderdate < '1994-01-01'::date + NUMTOYMINTERVAL(1,'year') group by  n_name order by  revenue desc;
6;16;6796.36;6.48;220160;18371;49195008;52428800;104857600;524288000;300350464;1746944;1774592;1967104;1796096;0;0;6.67618e+06;5;lineitem;select  sum(l_extendedprice * l_discount) as revenue from  lineitem where  l_shipdate >= '1994-01-01'::date   and l_shipdate < '1994-01-01'::date + NUMTOYMINTERVAL(1,'year')  and l_discount between 0.06 - 0.01 and 0.06 + 0.01  and l_quantity < 24;
7;16;19317.9;210.804;6215680;5514949;52502528;52428800;104857600;524288000;300350464;1746944;2949120;7962624;2888704;0;0;1.45597e+07;22;nation,customer,orders,lineitem,supplier;select  supp_nation,  cust_nation,  l_year,  sum(volume) as revenue from  (   select    n1.n_name as supp_nation,    n2.n_name as cust_nation,    extract(year from l_shipdate) as l_year,    l_extendedprice * (1 - l_discount) as volume   from    supplier,    lineitem,    orders,    customer,    nation n1,    nation n2   where    s_suppkey = l_suppkey    and o_orderkey = l_orderkey    and c_custkey = o_custkey    and s_nationkey = n1.n_nationkey    and c_nationkey = n2.n_nationkey    and (     (n1.n_name = 'FRANCE' and n2.n_name = 'GERMANY')     or (n1.n_name = 'GERMANY' and n2.n_name = 'FRANCE')    )    and l_shipdate between date '1995-01-01' and date '1996-12-31'  ) as shipping group by  supp_nation,  cust_nation,  l_year order by  supp_nation,  cust_nation,  l_year;
8;16;17306.2;295.032;4973568;4634181;53958656;52428800;104857600;524288000;300350464;1746944;3005440;6720512;2417664;0;0;1.57327e+07;25;region,nation,customer,orders,lineitem,supplier,part;select  o_year,  sum(case   when nation = 'BRAZIL' then volume   else 0  end) / sum(volume) as mkt_share from  (   select    extract(year from o_orderdate) as o_year,    l_extendedprice * (1 - l_discount) as volume,    n2.n_name as nation   from    part,    supplier,    lineitem,    orders,    customer,    nation n1,    nation n2,    region   where    p_partkey = l_partkey    and s_suppkey = l_suppkey    and l_orderkey = o_orderkey    and o_custkey = c_custkey    and c_nationkey = n1.n_nationkey    and n1.n_regionkey = r_regionkey    and r_name = 'AMERICA'    and s_nationkey = n2.n_nationkey    and o_orderdate between date '1995-01-01' and date '1996-12-31'    and p_type = 'ECONOMY ANODIZED STEEL'  ) as all_nations group by  o_year order by  o_year;
10;16;13817.4;153.014;8910848;8019290;51696640;52428800;104857600;524288000;300350464;1746944;2661376;10657792;2688000;0;0;1.03033e+08;18;nation,lineitem,orders,customer;select  c_custkey,  c_name,  sum(l_extendedprice * (1 - l_discount)) as revenue,  c_acctbal,  n_name,  c_address,  c_phone,  c_comment from  customer,  orders,  lineitem,  nation where  c_custkey = o_custkey  and l_orderkey = o_orderkey  and o_orderdate >= date '1993-10-01'  and o_orderdate < date '1993-10-01' + NUMTOYMINTERVAL(3,'month')  and l_returnflag = 'R'  and c_nationkey = n_nationkey group by  c_custkey,  c_name,  c_acctbal,  c_phone,  n_name,  c_address,  c_comment order by  revenue desc limit 20 ;
11;16;8170.62;31.251;983040;621333;15377408;52428800;104857600;524288000;300350464;1746944;1959936;2729984;832512;0;0;1.33861e+07;18;nation,supplier,partsupp;select  ps_partkey,  sum(ps_supplycost * ps_availqty) as value from  partsupp,  supplier,  nation where  ps_suppkey = s_suppkey  and s_nationkey = n_nationkey  and n_name = 'GERMANY' group by  ps_partkey having   sum(ps_supplycost * ps_availqty) > (    select     sum(ps_supplycost * ps_availqty) * 0.0001/100    from     partsupp,     supplier,     nation    where     ps_suppkey = s_suppkey     and s_nationkey = n_nationkey     and n_name = 'GERMANY'   ) order by  value desc;
12;16;19579.2;72.164;3443712;2845458;47284224;52428800;104857600;524288000;300350464;1746944;2193408;5190656;2034688;0;0;1.49138e+07;10;lineitem,orders;select  l_shipmode,  sum(case   when o_orderpriority = '1-URGENT'    or o_orderpriority = '2-HIGH'    then 1   else 0  end) as high_line_count,  sum(case   when o_orderpriority <> '1-URGENT'    and o_orderpriority <> '2-HIGH'    then 1   else 0  end) as low_line_count from  orders,  lineitem where  o_orderkey = l_orderkey  and l_shipmode in ('MAIL', 'SHIP')  and l_commitdate < l_receiptdate  and l_shipdate < l_commitdate  and l_receiptdate >= date '1994-01-01'  and l_receiptdate < date '1994-01-01' + NUMTOYMINTERVAL(1,'year') group by  l_shipmode order by  l_shipmode;
13;16;18615.8;153.182;1943552;1214462;23268352;52428800;104857600;524288000;300350464;1746944;2515968;3690496;2152448;0;0;1.18412e+07;13;orders,customer;select  c_count,  count(*) as custdist from  (   select    c_custkey,    count(*)   from    customer left outer join orders on     c_custkey = o_custkey     and o_comment not like '%special%request%'   group by    c_custkey  ) as c_orders (c_custkey, c_count) group by  c_count order by  custdist desc,  c_count desc;
14;16;9281.45;122.24;1701888;1113246;45260800;52428800;104857600;524288000;300350464;1746944;2231296;3448832;2670592;0;0;8.97107e+06;9;part,lineitem;select  100 * sum(case   when p_type like 'PROMO%'    then l_extendedprice * (1 - l_discount)/10   else 0  end) / sum(l_extendedprice * (1 - l_discount)/1000) as promo_revenue  from  lineitem,  part where  l_partkey = p_partkey  and l_shipdate >= date '1995-09-01'  and l_shipdate < date '1995-09-01' + NUMTOYMINTERVAL(1,'month');
15;16;75054.3;2.15;226304;179429;42589184;52428800;104857600;524288000;300350464;1746944;1751040;1973248;986112;0;0;6.42947e+07;10;lineitem,supplier;with revenue as (         select                 l_suppkey as supplier_no,                 sum(l_extendedprice * (1 - l_discount)) as total_revenue         from                 lineitem         where                 l_shipdate >= date '1996-01-01'                 and l_shipdate < date '1996-01-01' + NUMTOYMINTERVAL(3,'month')         group by                 l_suppkey ) select         s_suppkey,         s_name,         s_address,         s_phone,         total_revenue from         supplier,         revenue where         s_suppkey = supplier_no         and total_revenue = (                 select                         max(total_revenue)                 from                         revenue         ) order by         s_suppkey;
16;16;2876.56;144.474;3939328;3179072;15312896;52428800;104857600;524288000;300350464;1746944;2415616;5686272;1007616;0;0;6.44016e+06;16;supplier,part,partsupp;select  p_brand,  p_type,  p_size,  count(ps_suppkey) as supplier_cnt  from  partsupp,  part where  p_partkey = ps_partkey  and p_brand <> 'Brand#45'  and p_type not like 'MEDIUM POLISHED%'  and p_size in (49, 14, 23, 45, 19, 3, 36, 9)  and ps_suppkey not in (   select    s_suppkey   from    supplier   where    s_comment like '%Customer%Complaints%'  ) group by  p_brand,  p_type,  p_size order by  supplier_cnt desc,  p_brand,  p_type,  p_size limit 100 ;
17;16;72171.6;139.351;25609216;24651832;40110080;52428800;104857600;524288000;300350464;1746944;2508800;27356160;1658880;0;0;2.17987e+07;14;part,lineitem;select  sum(l_extendedprice) / 7.0 as avg_yearly from  lineitem,  part,  (select       l_partkey as temp_l_partkey, 0.2 * avg(l_quantity) as temp_avg   from   lineitem   group by l_partkey  ) as temp where  p_partkey = l_partkey  and p_brand = 'Brand#23'  and p_container = 'MED BOX'  and l_quantity < temp_avg  and p_partkey = temp_l_partkey;
18;16;46637.2;184.146;22571008;23738519;35527680;52428800;104857600;524288000;300350464;1746944;2879488;24317952;2119680;0;0;3.32249e+07;22;lineitem,orders,customer;select  c_name,  c_custkey,  o_orderkey,  o_orderdate,  o_totalprice,  sum(l_quantity) from  customer,  orders,  lineitem where  o_orderkey in (   select    l_orderkey   from    lineitem   group by    l_orderkey having     sum(l_quantity) > 300  )  and c_custkey = o_custkey  and o_orderkey = l_orderkey group by  c_name,  c_custkey,  o_orderkey,  o_orderdate,  o_totalprice order by  o_totalprice desc,  o_orderdate limit 100;
19;16;19891.8;76.523;1243136;648123;81635328;52428800;104857600;524288000;300350464;1746944;2192384;2990080;2800640;0;0;9.01638e+06;9;part,lineitem;select  sum(l_extendedprice* (1 - l_discount)) as revenue from  lineitem,  part where  (   p_partkey = l_partkey   and p_brand = 'Brand#12'   and p_container in ('SM CASE', 'SM BOX', 'SM PACK', 'SM PKG')   and l_quantity >= 1 and l_quantity <= 1 + 10   and p_size between 1 and 5   and l_shipmode in ('AIR', 'AIR REG')   and l_shipinstruct = 'DELIVER IN PERSON'  )  or  (   p_partkey = l_partkey   and p_brand = 'Brand#23'   and p_container in ('MED BAG', 'MED BOX', 'MED PKG', 'MED PACK')   and l_quantity >= 10 and l_quantity <= 10 + 10   and p_size between 1 and 10   and l_shipmode in ('AIR', 'AIR REG')   and l_shipinstruct = 'DELIVER IN PERSON'  )  or  (   p_partkey = l_partkey   and p_brand = 'Brand#34'   and p_container in ('LG CASE', 'LG BOX', 'LG PACK', 'LG PKG')   and l_quantity >= 20 and l_quantity <= 20 + 10   and p_size between 1 and 15   and l_shipmode in ('AIR', 'AIR REG')   and l_shipinstruct = 'DELIVER IN PERSON'  );
20;16;15767.5;209.703;9899008;8685804;41779200;52428800;104857600;524288000;300350464;1746944;2828288;11645952;2340864;0;0;4.42529e+07;19;lineitem,part,partsupp,nation,supplier;select  s_name,  s_address from  supplier,  nation where  s_suppkey in (   select    ps_suppkey   from    partsupp,    (     select      l_partkey as temp_l_partkey, l_suppkey as temp_l_suppkey, 0.5 * sum(l_quantity) as temp_l_quantity     from      lineitem     where      l_shipdate >= date '1994-01-01'      and l_shipdate < date '1994-01-01' + NUMTOYMINTERVAL(1,'year')     group by l_partkey, l_suppkey    ) as temp   where       temp_l_partkey = ps_partkey    and temp_l_suppkey = ps_suppkey    and ps_partkey in (     select      p_partkey     from      part     where      p_name like 'forest%'    )    and ps_availqty > temp_l_quantity  )  and s_nationkey = n_nationkey  and n_name = 'CANADA' order by  s_name;
21;16;61596.9;306.794;47655936;45958725;36005888;52428800;104857600;524288000;300350464;1746944;3421184;49402880;2248704;0;0;6.65003e+07;27;nation,orders,lineitem,supplier;select  s_name,  count(*) as numwait from  supplier,  lineitem l1,  orders,  nation where  s_suppkey = l1.l_suppkey  and o_orderkey = l1.l_orderkey  and o_orderstatus = 'F'  and l1.l_receiptdate > l1.l_commitdate  and exists (   select    *   from    lineitem l2   where    l2.l_orderkey = l1.l_orderkey    and l2.l_suppkey <> l1.l_suppkey  )  and not exists (   select    *   from    lineitem l3   where    l3.l_orderkey = l1.l_orderkey    and l3.l_suppkey <> l1.l_suppkey    and l3.l_receiptdate > l3.l_commitdate  )  and s_nationkey = n_nationkey  and n_name = 'SAUDI ARABIA' group by  s_name order by  numwait desc,  s_name limit 100;
22;16;34892.6;75.729;882688;241420;13515776;52428800;104857600;524288000;300350464;1746944;2200576;2629632;228352;0;0;8.996e+06;13;orders,customer;select  cntrycode,  count(*) as numcust,  sum(c_acctbal) as totacctbal from  (   select    substring(c_phone from 1 for 2) as cntrycode,    c_acctbal   from    customer   where    substring(c_phone from 1 for 2) in     ('13', '31', '23', '29', '30', '18', '17')    and c_acctbal > (     select      avg(c_acctbal)     from      customer     where      c_acctbal > 0.00      and substring(c_phone from 1 for 2) in       ('13', '31', '23', '29', '30', '18', '17')    )    and not exists (     select      *     from      orders     where      o_custkey = c_custkey    )  ) as custsale group by  cntrycode order by  cntrycode;
1;32;15867.2;115.754;1193984;259884;72252416;52428800;104857600;524288000;300350464;1746944;2565120;2940928;3249152;0;0;8.1476e+06;7;lineitem;select  l_returnflag,  l_linestatus,  sum(l_quantity) as sum_qty,  sum(l_extendedprice) as sum_base_price,  sum(l_extendedprice * (1 - l_discount)) as sum_disc_price,  sum(l_extendedprice * (1 - l_discount) * (1 + l_tax)/1000) as sum_charge,   avg(l_quantity) as avg_qty,  avg(l_extendedprice) as avg_price,  avg(l_discount) as avg_disc,  count(*) as count_order from  lineitem where  l_shipdate <= date '1998-12-01' - NUMTODSINTERVAL(3,'DAY') group by  l_returnflag,  l_linestatus order by  l_returnflag,  l_linestatus;
3;32;15397.8;306.476;6752256;5448100;49288192;52428800;104857600;524288000;300350464;1746944;4061184;8499200;2541568;0;0;1.17709e+08;15;lineitem,orders,customer;select  l_orderkey,  sum(l_extendedprice * (1 - l_discount)) as revenue,  o_orderdate,  o_shippriority from  customer,  orders,  lineitem where  c_mktsegment = 'BUILDING'  and c_custkey = o_custkey  and l_orderkey = o_orderkey  and o_orderdate < '1995-03-15'::date  and l_shipdate > '1995-03-15'::date group by  l_orderkey,  o_orderdate,  o_shippriority order by  revenue desc,  o_orderdate limit 10 ;
4;32;13699.8;466.221;2291712;599646;35052544;52428800;104857600;524288000;300350464;1746944;3272704;4038656;3037184;0;0;9.26601e+06;11;lineitem,orders;select  o_orderpriority,  count(*) as order_count from  orders where  o_orderdate >= '1993-07-01'::date  and o_orderdate < '1993-07-01'::date + NUMTOYMINTERVAL(3,'month')  and exists (   select    *   from    lineitem   where    l_orderkey = o_orderkey    and l_commitdate < l_receiptdate  ) group by  o_orderpriority order by  o_orderpriority;
5;32;13425.3;435.149;7581696;7102628;50334720;52428800;104857600;524288000;300350464;1746944;4302848;9328640;3552256;0;0;9.15747e+06;22;region,nation,supplier,lineitem,orders,customer;select  n_name,  sum(l_extendedprice * (1 - l_discount)) as revenue from  customer,  orders,  lineitem,  supplier,  nation,  region where  c_custkey = o_custkey  and l_orderkey = o_orderkey  and l_suppkey = s_suppkey  and c_nationkey = s_nationkey  and s_nationkey = n_nationkey  and n_regionkey = r_regionkey  and r_name = 'ASIA'  and o_orderdate >= '1994-01-01'::date  and o_orderdate < '1994-01-01'::date + NUMTOYMINTERVAL(1,'year') group by  n_name order by  revenue desc;
6;32;6060.23;27.511;430080;36504;50174976;52428800;104857600;524288000;300350464;1746944;1935360;2177024;2603008;0;0;3.56841e+06;5;lineitem;select  sum(l_extendedprice * l_discount) as revenue from  lineitem where  l_shipdate >= '1994-01-01'::date   and l_shipdate < '1994-01-01'::date + NUMTOYMINTERVAL(1,'year')  and l_discount between 0.06 - 0.01 and 0.06 + 0.01  and l_quantity < 24;
7;32;16368.1;430.726;12364800;11002173;52787200;52428800;104857600;524288000;300350464;1746944;4307968;14111744;2071552;0;0;9.99947e+06;22;nation,customer,orders,lineitem,supplier;select  supp_nation,  cust_nation,  l_year,  sum(volume) as revenue from  (   select    n1.n_name as supp_nation,    n2.n_name as cust_nation,    extract(year from l_shipdate) as l_year,    l_extendedprice * (1 - l_discount) as volume   from    supplier,    lineitem,    orders,    customer,    nation n1,    nation n2   where    s_suppkey = l_suppkey    and o_orderkey = l_orderkey    and c_custkey = o_custkey    and s_nationkey = n1.n_nationkey    and c_nationkey = n2.n_nationkey    and (     (n1.n_name = 'FRANCE' and n2.n_name = 'GERMANY')     or (n1.n_name = 'GERMANY' and n2.n_name = 'FRANCE')    )    and l_shipdate between date '1995-01-01' and date '1996-12-31'  ) as shipping group by  supp_nation,  cust_nation,  l_year order by  supp_nation,  cust_nation,  l_year;
8;32;16543.5;297.423;9172992;9295193;54758400;52428800;104857600;524288000;300350464;1746944;3268608;10919936;2911232;0;0;8.25145e+06;23;region,nation,customer,orders,lineitem,supplier,part;select  o_year,  sum(case   when nation = 'BRAZIL' then volume   else 0  end) / sum(volume) as mkt_share from  (   select    extract(year from o_orderdate) as o_year,    l_extendedprice * (1 - l_discount) as volume,    n2.n_name as nation   from    part,    supplier,    lineitem,    orders,    customer,    nation n1,    nation n2,    region   where    p_partkey = l_partkey    and s_suppkey = l_suppkey    and l_orderkey = o_orderkey    and o_custkey = c_custkey    and c_nationkey = n1.n_nationkey    and n1.n_regionkey = r_regionkey    and r_name = 'AMERICA'    and s_nationkey = n2.n_nationkey    and o_orderdate between date '1995-01-01' and date '1996-12-31'    and p_type = 'ECONOMY ANODIZED STEEL'  ) as all_nations group by  o_year order by  o_year;
10;32;12390.7;726.618;8357888;5978240;54282240;52428800;104857600;524288000;300350464;1746944;4327424;10104832;3654656;0;0;9.31443e+07;19;nation,lineitem,orders,customer;select  c_custkey,  c_name,  sum(l_extendedprice * (1 - l_discount)) as revenue,  c_acctbal,  n_name,  c_address,  c_phone,  c_comment from  customer,  orders,  lineitem,  nation where  c_custkey = o_custkey  and l_orderkey = o_orderkey  and o_orderdate >= date '1993-10-01'  and o_orderdate < date '1993-10-01' + NUMTOYMINTERVAL(3,'month')  and l_returnflag = 'R'  and c_nationkey = n_nationkey group by  c_custkey,  c_name,  c_acctbal,  c_phone,  n_name,  c_address,  c_comment order by  revenue desc limit 20 ;
11;32;8002.02;32.813;1006592;632795;15297536;52428800;104857600;524288000;300350464;1746944;1952768;2753536;753664;0;0;1.32903e+07;17;nation,supplier,partsupp;select  ps_partkey,  sum(ps_supplycost * ps_availqty) as value from  partsupp,  supplier,  nation where  ps_suppkey = s_suppkey  and s_nationkey = n_nationkey  and n_name = 'GERMANY' group by  ps_partkey having   sum(ps_supplycost * ps_availqty) > (    select     sum(ps_supplycost * ps_availqty) * 0.0001/100    from     partsupp,     supplier,     nation    where     ps_suppkey = s_suppkey     and s_nationkey = n_nationkey     and n_name = 'GERMANY'   ) order by  value desc;
12;32;14428.7;271.865;4106240;2903271;48126976;52428800;104857600;524288000;300350464;1746944;2982912;5853184;2375680;0;0;8.53658e+06;10;lineitem,orders;select  l_shipmode,  sum(case   when o_orderpriority = '1-URGENT'    or o_orderpriority = '2-HIGH'    then 1   else 0  end) as high_line_count,  sum(case   when o_orderpriority <> '1-URGENT'    and o_orderpriority <> '2-HIGH'    then 1   else 0  end) as low_line_count from  orders,  lineitem where  o_orderkey = l_orderkey  and l_shipmode in ('MAIL', 'SHIP')  and l_commitdate < l_receiptdate  and l_shipdate < l_commitdate  and l_receiptdate >= date '1994-01-01'  and l_receiptdate < date '1994-01-01' + NUMTOYMINTERVAL(1,'year') group by  l_shipmode order by  l_shipmode;
13;32;8656.97;295.605;2749440;1282210;23770112;52428800;104857600;524288000;300350464;1746944;3359744;4496384;1984512;0;0;7.43261e+06;13;orders,customer;select  c_count,  count(*) as custdist from  (   select    c_custkey,    count(*)   from    customer left outer join orders on     c_custkey = o_custkey     and o_comment not like '%special%request%'   group by    c_custkey  ) as c_orders (c_custkey, c_count) group by  c_count order by  custdist desc,  c_count desc;
14;32;6706.62;219.895;2417664;1169161;46028800;52428800;104857600;524288000;300350464;1746944;2841600;4164608;2936832;0;0;5.41904e+06;9;part,lineitem;select  100 * sum(case   when p_type like 'PROMO%'    then l_extendedprice * (1 - l_discount)/10   else 0  end) / sum(l_extendedprice * (1 - l_discount)/1000) as promo_revenue  from  lineitem,  part where  l_partkey = p_partkey  and l_shipdate >= date '1995-09-01'  and l_shipdate < date '1995-09-01' + NUMTOYMINTERVAL(1,'month');
15;32;73406.9;2.104;226304;179429;43527168;52428800;104857600;524288000;300350464;1746944;1751040;1973248;1924096;0;0;6.42937e+07;10;lineitem,supplier;with revenue as (         select                 l_suppkey as supplier_no,                 sum(l_extendedprice * (1 - l_discount)) as total_revenue         from                 lineitem         where                 l_shipdate >= date '1996-01-01'                 and l_shipdate < date '1996-01-01' + NUMTOYMINTERVAL(3,'month')         group by                 l_suppkey ) select         s_suppkey,         s_name,         s_address,         s_phone,         total_revenue from         supplier,         revenue where         s_suppkey = supplier_no         and total_revenue = (                 select                         max(total_revenue)                 from                         revenue         ) order by         s_suppkey;
16;32;3248.91;257.136;7614464;6337531;16053248;52428800;104857600;524288000;300350464;1746944;3033088;9361408;1355776;0;0;5.47468e+06;16;supplier,part,partsupp;select  p_brand,  p_type,  p_size,  count(ps_suppkey) as supplier_cnt  from  partsupp,  part where  p_partkey = ps_partkey  and p_brand <> 'Brand#45'  and p_type not like 'MEDIUM POLISHED%'  and p_size in (49, 14, 23, 45, 19, 3, 36, 9)  and ps_suppkey not in (   select    s_suppkey   from    supplier   where    s_comment like '%Customer%Complaints%'  ) group by  p_brand,  p_type,  p_size order by  supplier_cnt desc,  p_brand,  p_type,  p_size limit 100 ;
17;32;47586.8;427.389;36158464;34384638;42109952;52428800;104857600;524288000;300350464;1746944;3538944;37905408;3032064;0;0;1.57396e+07;14;part,lineitem;select  sum(l_extendedprice) / 7.0 as avg_yearly from  lineitem,  part,  (select       l_partkey as temp_l_partkey, 0.2 * avg(l_quantity) as temp_avg   from   lineitem   group by l_partkey  ) as temp where  p_partkey = l_partkey  and p_brand = 'Brand#23'  and p_container = 'MED BOX'  and l_quantity < temp_avg  and p_partkey = temp_l_partkey;
18;32;29767.2;590.227;23708672;23872366;37757952;52428800;104857600;524288000;300350464;1746944;4446208;25455616;3345408;0;0;2.0364e+07;22;lineitem,orders,customer;select  c_name,  c_custkey,  o_orderkey,  o_orderdate,  o_totalprice,  sum(l_quantity) from  customer,  orders,  lineitem where  o_orderkey in (   select    l_orderkey   from    lineitem   group by    l_orderkey having     sum(l_quantity) > 300  )  and c_custkey = o_custkey  and o_orderkey = l_orderkey group by  c_name,  c_custkey,  o_orderkey,  o_orderdate,  o_totalprice order by  o_totalprice desc,  o_orderdate limit 100;
19;32;15312;258.362;2057216;718216;83682304;52428800;104857600;524288000;300350464;1746944;3003392;3804160;4200448;0;0;5.11935e+06;9;part,lineitem;select  sum(l_extendedprice* (1 - l_discount)) as revenue from  lineitem,  part where  (   p_partkey = l_partkey   and p_brand = 'Brand#12'   and p_container in ('SM CASE', 'SM BOX', 'SM PACK', 'SM PKG')   and l_quantity >= 1 and l_quantity <= 1 + 10   and p_size between 1 and 5   and l_shipmode in ('AIR', 'AIR REG')   and l_shipinstruct = 'DELIVER IN PERSON'  )  or  (   p_partkey = l_partkey   and p_brand = 'Brand#23'   and p_container in ('MED BAG', 'MED BOX', 'MED PKG', 'MED PACK')   and l_quantity >= 10 and l_quantity <= 10 + 10   and p_size between 1 and 10   and l_shipmode in ('AIR', 'AIR REG')   and l_shipinstruct = 'DELIVER IN PERSON'  )  or  (   p_partkey = l_partkey   and p_brand = 'Brand#34'   and p_container in ('LG CASE', 'LG BOX', 'LG PACK', 'LG PKG')   and l_quantity >= 20 and l_quantity <= 20 + 10   and p_size between 1 and 15   and l_shipmode in ('AIR', 'AIR REG')   and l_shipinstruct = 'DELIVER IN PERSON'  );
20;32;10661.4;384.653;10376192;8787536;42925056;52428800;104857600;524288000;300350464;1746944;3320832;12123136;3161088;0;0;3.31862e+07;16;lineitem,part,partsupp,nation,supplier;select  s_name,  s_address from  supplier,  nation where  s_suppkey in (   select    ps_suppkey   from    partsupp,    (     select      l_partkey as temp_l_partkey, l_suppkey as temp_l_suppkey, 0.5 * sum(l_quantity) as temp_l_quantity     from      lineitem     where      l_shipdate >= date '1994-01-01'      and l_shipdate < date '1994-01-01' + NUMTOYMINTERVAL(1,'year')     group by l_partkey, l_suppkey    ) as temp   where       temp_l_partkey = ps_partkey    and temp_l_suppkey = ps_suppkey    and ps_partkey in (     select      p_partkey     from      part     where      p_name like 'forest%'    )    and ps_availqty > temp_l_quantity  )  and s_nationkey = n_nationkey  and n_name = 'CANADA' order by  s_name;
21;32;31475;863.267;49342464;46099689;37784576;52428800;104857600;524288000;300350464;1746944;5256192;51089408;2615296;0;0;3.57885e+07;26;nation,orders,lineitem,supplier;select  s_name,  count(*) as numwait from  supplier,  lineitem l1,  orders,  nation where  s_suppkey = l1.l_suppkey  and o_orderkey = l1.l_orderkey  and o_orderstatus = 'F'  and l1.l_receiptdate > l1.l_commitdate  and exists (   select    *   from    lineitem l2   where    l2.l_orderkey = l1.l_orderkey    and l2.l_suppkey <> l1.l_suppkey  )  and not exists (   select    *   from    lineitem l3   where    l3.l_orderkey = l1.l_orderkey    and l3.l_suppkey <> l1.l_suppkey    and l3.l_receiptdate > l3.l_commitdate  )  and s_nationkey = n_nationkey  and n_name = 'SAUDI ARABIA' group by  s_name order by  numwait desc,  s_name limit 100;
22;32;29189.9;243.744;1513472;271962;16125952;52428800;104857600;524288000;300350464;1746944;2824192;3260416;2336768;0;0;6.61664e+06;13;orders,customer;select  cntrycode,  count(*) as numcust,  sum(c_acctbal) as totacctbal from  (   select    substring(c_phone from 1 for 2) as cntrycode,    c_acctbal   from    customer   where    substring(c_phone from 1 for 2) in     ('13', '31', '23', '29', '30', '18', '17')    and c_acctbal > (     select      avg(c_acctbal)     from      customer     where      c_acctbal > 0.00      and substring(c_phone from 1 for 2) in       ('13', '31', '23', '29', '30', '18', '17')    )    and not exists (     select      *     from      orders     where      o_custkey = c_custkey    )  ) as custsale group by  cntrycode order by  cntrycode;
1;64;10901.8;366.173;2707456;535479;73472000;52428800;104857600;524288000;300350464;1746944;4109312;4454400;3717120;0;0;4.4063e+06;7;lineitem;select  l_returnflag,  l_linestatus,  sum(l_quantity) as sum_qty,  sum(l_extendedprice) as sum_base_price,  sum(l_extendedprice * (1 - l_discount)) as sum_disc_price,  sum(l_extendedprice * (1 - l_discount) * (1 + l_tax)/1000) as sum_charge,   avg(l_quantity) as avg_qty,  avg(l_extendedprice) as avg_price,  avg(l_discount) as avg_disc,  count(*) as count_order from  lineitem where  l_shipdate <= date '1998-12-01' - NUMTODSINTERVAL(3,'DAY') group by  l_returnflag,  l_linestatus order by  l_returnflag,  l_linestatus;
3;64;12842.6;1334;8414208;4132025;53395456;52428800;104857600;524288000;300350464;1746944;8347648;10161152;4751360;0;0;1.11934e+08;16;lineitem,orders,customer;select  l_orderkey,  sum(l_extendedprice * (1 - l_discount)) as revenue,  o_orderdate,  o_shippriority from  customer,  orders,  lineitem where  c_mktsegment = 'BUILDING'  and c_custkey = o_custkey  and l_orderkey = o_orderkey  and o_orderdate < '1995-03-15'::date  and l_shipdate > '1995-03-15'::date group by  l_orderkey,  o_orderdate,  o_shippriority order by  revenue desc,  o_orderdate limit 10 ;
4;64;9310.61;1739.28;4362240;769109;35947520;52428800;104857600;524288000;300350464;1746944;5214208;6109184;2576384;0;0;6.24801e+06;11;lineitem,orders;select  o_orderpriority,  count(*) as order_count from  orders where  o_orderdate >= '1993-07-01'::date  and o_orderdate < '1993-07-01'::date + NUMTOYMINTERVAL(3,'month')  and exists (   select    *   from    lineitem   where    l_orderkey = o_orderkey    and l_commitdate < l_receiptdate  ) group by  o_orderpriority order by  o_orderpriority;
5;64;12338.1;1874.37;7761920;1783573;53435392;52428800;104857600;524288000;300350464;1746944;7875584;9508864;3947520;0;0;8.61188e+06;22;region,nation,supplier,lineitem,orders,customer;select  n_name,  sum(l_extendedprice * (1 - l_discount)) as revenue from  customer,  orders,  lineitem,  supplier,  nation,  region where  c_custkey = o_custkey  and l_orderkey = o_orderkey  and l_suppkey = s_suppkey  and c_nationkey = s_nationkey  and s_nationkey = n_nationkey  and n_regionkey = r_regionkey  and r_name = 'ASIA'  and o_orderdate >= '1994-01-01'::date  and o_orderdate < '1994-01-01'::date + NUMTOYMINTERVAL(1,'year') group by  n_name order by  revenue desc;
6;64;6429.29;119.949;822272;72771;51212288;52428800;104857600;524288000;300350464;1746944;2395136;2569216;3312640;0;0;2.13452e+06;5;lineitem;select  sum(l_extendedprice * l_discount) as revenue from  lineitem where  l_shipdate >= '1994-01-01'::date   and l_shipdate < '1994-01-01'::date + NUMTOYMINTERVAL(1,'year')  and l_discount between 0.06 - 0.01 and 0.06 + 0.01  and l_quantity < 24;
7;64;25731;1607.39;10683392;4725803;57133056;52428800;104857600;524288000;300350464;1746944;8951808;12430336;2846720;0;0;8.47492e+06;21;nation,customer,orders,lineitem,supplier;select  supp_nation,  cust_nation,  l_year,  sum(volume) as revenue from  (   select    n1.n_name as supp_nation,    n2.n_name as cust_nation,    extract(year from l_shipdate) as l_year,    l_extendedprice * (1 - l_discount) as volume   from    supplier,    lineitem,    orders,    customer,    nation n1,    nation n2   where    s_suppkey = l_suppkey    and o_orderkey = l_orderkey    and c_custkey = o_custkey    and s_nationkey = n1.n_nationkey    and c_nationkey = n2.n_nationkey    and (     (n1.n_name = 'FRANCE' and n2.n_name = 'GERMANY')     or (n1.n_name = 'GERMANY' and n2.n_name = 'FRANCE')    )    and l_shipdate between date '1995-01-01' and date '1996-12-31'  ) as shipping group by  supp_nation,  cust_nation,  l_year order by  supp_nation,  cust_nation,  l_year;
8;64;16986.3;736.299;18561024;18614735;57889792;52428800;104857600;524288000;300350464;1746944;5530624;20307968;4251648;0;0;7.72584e+06;23;region,nation,customer,orders,lineitem,supplier,part;select  o_year,  sum(case   when nation = 'BRAZIL' then volume   else 0  end) / sum(volume) as mkt_share from  (   select    extract(year from o_orderdate) as o_year,    l_extendedprice * (1 - l_discount) as volume,    n2.n_name as nation   from    part,    supplier,    lineitem,    orders,    customer,    nation n1,    nation n2,    region   where    p_partkey = l_partkey    and s_suppkey = l_suppkey    and l_orderkey = o_orderkey    and o_custkey = c_custkey    and c_nationkey = n1.n_nationkey    and n1.n_regionkey = r_regionkey    and r_name = 'AMERICA'    and s_nationkey = n2.n_nationkey    and o_orderdate between date '1995-01-01' and date '1996-12-31'    and p_type = 'ECONOMY ANODIZED STEEL'  ) as all_nations group by  o_year order by  o_year;
10;64;11714.4;2805.97;11915264;6317669;58015744;52428800;104857600;524288000;300350464;1746944;8583168;13662208;4006912;0;0;8.80545e+07;19;nation,lineitem,orders,customer;select  c_custkey,  c_name,  sum(l_extendedprice * (1 - l_discount)) as revenue,  c_acctbal,  n_name,  c_address,  c_phone,  c_comment from  customer,  orders,  lineitem,  nation where  c_custkey = o_custkey  and l_orderkey = o_orderkey  and o_orderdate >= date '1993-10-01'  and o_orderdate < date '1993-10-01' + NUMTOYMINTERVAL(3,'month')  and l_returnflag = 'R'  and c_nationkey = n_nationkey group by  c_custkey,  c_name,  c_acctbal,  c_phone,  n_name,  c_address,  c_comment order by  revenue desc limit 20 ;
11;64;8639.9;109.383;1421312;683014;16379904;52428800;104857600;524288000;300350464;1746944;2342912;3168256;1490944;0;0;1.36461e+07;17;nation,supplier,partsupp;select  ps_partkey,  sum(ps_supplycost * ps_availqty) as value from  partsupp,  supplier,  nation where  ps_suppkey = s_suppkey  and s_nationkey = n_nationkey  and n_name = 'GERMANY' group by  ps_partkey having   sum(ps_supplycost * ps_availqty) > (    select     sum(ps_supplycost * ps_availqty) * 0.0001/100    from     partsupp,     supplier,     nation    where     ps_suppkey = s_suppkey     and s_nationkey = n_nationkey     and n_name = 'GERMANY'   ) order by  value desc;
12;64;15107.7;940.304;5630976;3043103;50896896;52428800;104857600;524288000;300350464;1746944;4697088;7377920;4134912;0;0;5.94797e+06;10;lineitem,orders;select  l_shipmode,  sum(case   when o_orderpriority = '1-URGENT'    or o_orderpriority = '2-HIGH'    then 1   else 0  end) as high_line_count,  sum(case   when o_orderpriority <> '1-URGENT'    and o_orderpriority <> '2-HIGH'    then 1   else 0  end) as low_line_count from  orders,  lineitem where  o_orderkey = l_orderkey  and l_shipmode in ('MAIL', 'SHIP')  and l_commitdate < l_receiptdate  and l_shipdate < l_commitdate  and l_receiptdate >= date '1994-01-01'  and l_receiptdate < date '1994-01-01' + NUMTOYMINTERVAL(1,'year') group by  l_shipmode order by  l_shipmode;
13;64;7621.64;871.599;4726784;1468797;27257856;52428800;104857600;524288000;300350464;1746944;5636096;6473728;3664896;0;0;6.23633e+06;13;orders,customer;select  c_count,  count(*) as custdist from  (   select    c_custkey,    count(*)   from    customer left outer join orders on     c_custkey = o_custkey     and o_comment not like '%special%request%'   group by    c_custkey  ) as c_orders (c_custkey, c_count) group by  c_count order by  custdist desc,  c_count desc;
14;64;6473.53;549.483;4099072;1305255;47895552;52428800;104857600;524288000;300350464;1746944;4441088;5846016;3361792;0;0;4.26702e+06;9;part,lineitem;select  100 * sum(case   when p_type like 'PROMO%'    then l_extendedprice * (1 - l_discount)/10   else 0  end) / sum(l_extendedprice * (1 - l_discount)/1000) as promo_revenue  from  lineitem,  part where  l_partkey = p_partkey  and l_shipdate >= date '1995-09-01'  and l_shipdate < date '1995-09-01' + NUMTOYMINTERVAL(1,'month');
15;64;71616;2.142;226304;179429;42796032;52428800;104857600;524288000;300350464;1746944;1751040;1973248;1191936;0;0;6.42931e+07;10;lineitem,supplier;with revenue as (         select                 l_suppkey as supplier_no,                 sum(l_extendedprice * (1 - l_discount)) as total_revenue         from                 lineitem         where                 l_shipdate >= date '1996-01-01'                 and l_shipdate < date '1996-01-01' + NUMTOYMINTERVAL(3,'month')         group by                 l_suppkey ) select         s_suppkey,         s_name,         s_address,         s_phone,         total_revenue from         supplier,         revenue where         s_suppkey = supplier_no         and total_revenue = (                 select                         max(total_revenue)                 from                         revenue         ) order by         s_suppkey;
16;64;2531.01;1090.36;4575232;715440;18681856;52428800;104857600;524288000;300350464;1746944;5614592;6322176;1632256;0;0;6.01313e+06;17;supplier,part,partsupp;select  p_brand,  p_type,  p_size,  count(ps_suppkey) as supplier_cnt  from  partsupp,  part where  p_partkey = ps_partkey  and p_brand <> 'Brand#45'  and p_type not like 'MEDIUM POLISHED%'  and p_size in (49, 14, 23, 45, 19, 3, 36, 9)  and ps_suppkey not in (   select    s_suppkey   from    supplier   where    s_comment like '%Customer%Complaints%'  ) group by  p_brand,  p_type,  p_size order by  supplier_cnt desc,  p_brand,  p_type,  p_size limit 100 ;
17;64;34355.9;1052.97;45862912;41876297;43252736;52428800;104857600;524288000;300350464;1746944;5529600;47609856;1736704;0;0;1.35843e+07;14;part,lineitem;select  sum(l_extendedprice) / 7.0 as avg_yearly from  lineitem,  part,  (select       l_partkey as temp_l_partkey, 0.2 * avg(l_quantity) as temp_avg   from   lineitem   group by l_partkey  ) as temp where  p_partkey = l_partkey  and p_brand = 'Brand#23'  and p_container = 'MED BOX'  and l_quantity < temp_avg  and p_partkey = temp_l_partkey;
18;64;24813;1912.69;26779648;24196244;41856000;52428800;104857600;524288000;300350464;1746944;9783296;28526592;4937728;0;0;1.53375e+07;22;lineitem,orders,customer;select  c_name,  c_custkey,  o_orderkey,  o_orderdate,  o_totalprice,  sum(l_quantity) from  customer,  orders,  lineitem where  o_orderkey in (   select    l_orderkey   from    lineitem   group by    l_orderkey having     sum(l_quantity) > 300  )  and c_custkey = o_custkey  and o_orderkey = l_orderkey group by  c_name,  c_custkey,  o_orderkey,  o_orderdate,  o_totalprice order by  o_totalprice desc,  o_orderdate limit 100;
19;64;13837.6;607.43;4067328;883656;85223424;52428800;104857600;524288000;300350464;1746944;4768768;5814272;4468736;0;0;3.79484e+06;9;part,lineitem;select  sum(l_extendedprice* (1 - l_discount)) as revenue from  lineitem,  part where  (   p_partkey = l_partkey   and p_brand = 'Brand#12'   and p_container in ('SM CASE', 'SM BOX', 'SM PACK', 'SM PKG')   and l_quantity >= 1 and l_quantity <= 1 + 10   and p_size between 1 and 5   and l_shipmode in ('AIR', 'AIR REG')   and l_shipinstruct = 'DELIVER IN PERSON'  )  or  (   p_partkey = l_partkey   and p_brand = 'Brand#23'   and p_container in ('MED BAG', 'MED BOX', 'MED PKG', 'MED PACK')   and l_quantity >= 10 and l_quantity <= 10 + 10   and p_size between 1 and 10   and l_shipmode in ('AIR', 'AIR REG')   and l_shipinstruct = 'DELIVER IN PERSON'  )  or  (   p_partkey = l_partkey   and p_brand = 'Brand#34'   and p_container in ('LG CASE', 'LG BOX', 'LG PACK', 'LG PKG')   and l_quantity >= 20 and l_quantity <= 20 + 10   and p_size between 1 and 15   and l_shipmode in ('AIR', 'AIR REG')   and l_shipinstruct = 'DELIVER IN PERSON'  );
20;64;10015.7;963.509;12646400;9083239;46578688;52428800;104857600;524288000;300350464;1746944;5444608;14393344;5150720;0;0;3.17368e+07;16;lineitem,part,partsupp,nation,supplier;select  s_name,  s_address from  supplier,  nation where  s_suppkey in (   select    ps_suppkey   from    partsupp,    (     select      l_partkey as temp_l_partkey, l_suppkey as temp_l_suppkey, 0.5 * sum(l_quantity) as temp_l_quantity     from      lineitem     where      l_shipdate >= date '1994-01-01'      and l_shipdate < date '1994-01-01' + NUMTOYMINTERVAL(1,'year')     group by l_partkey, l_suppkey    ) as temp   where       temp_l_partkey = ps_partkey    and temp_l_suppkey = ps_suppkey    and ps_partkey in (     select      p_partkey     from      part     where      p_name like 'forest%'    )    and ps_availqty > temp_l_quantity  )  and s_nationkey = n_nationkey  and n_name = 'CANADA' order by  s_name;
21;64;45332.6;2644.67;53789696;46500211;44021760;52428800;104857600;524288000;300350464;1746944;10448896;55536640;4714496;0;0;2.26448e+07;26;nation,orders,lineitem,supplier;select  s_name,  count(*) as numwait from  supplier,  lineitem l1,  orders,  nation where  s_suppkey = l1.l_suppkey  and o_orderkey = l1.l_orderkey  and o_orderstatus = 'F'  and l1.l_receiptdate > l1.l_commitdate  and exists (   select    *   from    lineitem l2   where    l2.l_orderkey = l1.l_orderkey    and l2.l_suppkey <> l1.l_suppkey  )  and not exists (   select    *   from    lineitem l3   where    l3.l_orderkey = l1.l_orderkey    and l3.l_suppkey <> l1.l_suppkey    and l3.l_receiptdate > l3.l_commitdate  )  and s_nationkey = n_nationkey  and n_name = 'SAUDI ARABIA' group by  s_name order by  numwait desc,  s_name limit 100;
22;64;29157.9;485.184;2889728;358744;17463296;52428800;104857600;524288000;300350464;1746944;4116480;4636672;2664448;0;0;6.14697e+06;13;orders,customer;select  cntrycode,  count(*) as numcust,  sum(c_acctbal) as totacctbal from  (   select    substring(c_phone from 1 for 2) as cntrycode,    c_acctbal   from    customer   where    substring(c_phone from 1 for 2) in     ('13', '31', '23', '29', '30', '18', '17')    and c_acctbal > (     select      avg(c_acctbal)     from      customer     where      c_acctbal > 0.00      and substring(c_phone from 1 for 2) in       ('13', '31', '23', '29', '30', '18', '17')    )    and not exists (     select      *     from      orders     where      o_custkey = c_custkey    )  ) as custsale group by  cntrycode order by  cntrycode;
1;96;11691;538.913;4850688;828165;74371072;52428800;104857600;524288000;300350464;1746944;6085632;6597632;3529728;0;0;3.30854e+06;7;lineitem;select  l_returnflag,  l_linestatus,  sum(l_quantity) as sum_qty,  sum(l_extendedprice) as sum_base_price,  sum(l_extendedprice * (1 - l_discount)) as sum_disc_price,  sum(l_extendedprice * (1 - l_discount) * (1 + l_tax)/1000) as sum_charge,   avg(l_quantity) as avg_qty,  avg(l_extendedprice) as avg_price,  avg(l_discount) as avg_disc,  count(*) as count_order from  lineitem where  l_shipdate <= date '1998-12-01' - NUMTODSINTERVAL(3,'DAY') group by  l_returnflag,  l_linestatus order by  l_returnflag,  l_linestatus;
3;96;14036.7;3711.74;11753472;4770875;55981056;52428800;104857600;524288000;300350464;1746944;11937792;13500416;5405696;0;0;1.11474e+08;16;lineitem,orders,customer;select  l_orderkey,  sum(l_extendedprice * (1 - l_discount)) as revenue,  o_orderdate,  o_shippriority from  customer,  orders,  lineitem where  c_mktsegment = 'BUILDING'  and c_custkey = o_custkey  and l_orderkey = o_orderkey  and o_orderdate < '1995-03-15'::date  and l_shipdate > '1995-03-15'::date group by  l_orderkey,  o_orderdate,  o_shippriority order by  revenue desc,  o_orderdate limit 10 ;
4;96;11325;2961.29;6152192;981207;38968320;52428800;104857600;524288000;300350464;1746944;7659520;7899136;4245504;0;0;5.96734e+06;11;lineitem,orders;select  o_orderpriority,  count(*) as order_count from  orders where  o_orderdate >= '1993-07-01'::date  and o_orderdate < '1993-07-01'::date + NUMTOYMINTERVAL(3,'month')  and exists (   select    *   from    lineitem   where    l_orderkey = o_orderkey    and l_commitdate < l_receiptdate  ) group by  o_orderpriority order by  o_orderpriority;
5;96;12212.7;3060.92;12430336;2352637;58262528;52428800;104857600;524288000;300350464;1746944;11935744;14177280;6660096;0;0;8.73062e+06;22;region,nation,supplier,lineitem,orders,customer;select  n_name,  sum(l_extendedprice * (1 - l_discount)) as revenue from  customer,  orders,  lineitem,  supplier,  nation,  region where  c_custkey = o_custkey  and l_orderkey = o_orderkey  and l_suppkey = s_suppkey  and c_nationkey = s_nationkey  and s_nationkey = n_nationkey  and n_regionkey = r_regionkey  and r_name = 'ASIA'  and o_orderdate >= '1994-01-01'::date  and o_orderdate < '1994-01-01'::date + NUMTOYMINTERVAL(1,'year') group by  n_name order by  revenue desc;
6;96;7116.22;213.273;1264640;109038;52245504;52428800;104857600;524288000;300350464;1746944;2804736;3011584;4002816;0;0;1.76323e+06;5;lineitem;select  sum(l_extendedprice * l_discount) as revenue from  lineitem where  l_shipdate >= '1994-01-01'::date   and l_shipdate < '1994-01-01'::date + NUMTOYMINTERVAL(1,'year')  and l_discount between 0.06 - 0.01 and 0.06 + 0.01  and l_quantity < 24;
7;96;16696.5;2889.89;16447488;5208672;63285248;52428800;104857600;524288000;300350464;1746944;12459008;18194432;3607552;0;0;9.06523e+06;22;nation,customer,orders,lineitem,supplier;select  supp_nation,  cust_nation,  l_year,  sum(volume) as revenue from  (   select    n1.n_name as supp_nation,    n2.n_name as cust_nation,    extract(year from l_shipdate) as l_year,    l_extendedprice * (1 - l_discount) as volume   from    supplier,    lineitem,    orders,    customer,    nation n1,    nation n2   where    s_suppkey = l_suppkey    and o_orderkey = l_orderkey    and c_custkey = o_custkey    and s_nationkey = n1.n_nationkey    and c_nationkey = n2.n_nationkey    and (     (n1.n_name = 'FRANCE' and n2.n_name = 'GERMANY')     or (n1.n_name = 'GERMANY' and n2.n_name = 'FRANCE')    )    and l_shipdate between date '1995-01-01' and date '1996-12-31'  ) as shipping group by  supp_nation,  cust_nation,  l_year order by  supp_nation,  cust_nation,  l_year;
8;96;12465.6;1543.3;9204736;2466599;60888064;52428800;104857600;524288000;300350464;1746944;7670784;10951680;5337088;0;0;9.01331e+06;24;region,nation,customer,orders,lineitem,supplier,part;select  o_year,  sum(case   when nation = 'BRAZIL' then volume   else 0  end) / sum(volume) as mkt_share from  (   select    extract(year from o_orderdate) as o_year,    l_extendedprice * (1 - l_discount) as volume,    n2.n_name as nation   from    part,    supplier,    lineitem,    orders,    customer,    nation n1,    nation n2,    region   where    p_partkey = l_partkey    and s_suppkey = l_suppkey    and l_orderkey = o_orderkey    and o_custkey = c_custkey    and c_nationkey = n1.n_nationkey    and n1.n_regionkey = r_regionkey    and r_name = 'AMERICA'    and s_nationkey = n2.n_nationkey    and o_orderdate between date '1995-01-01' and date '1996-12-31'    and p_type = 'ECONOMY ANODIZED STEEL'  ) as all_nations group by  o_year order by  o_year;
10;96;15654.4;6026.83;16474112;6700980;63027200;52428800;104857600;524288000;300350464;1746944;13476864;18221056;5675008;0;0;8.79759e+07;19;nation,lineitem,orders,customer;select  c_custkey,  c_name,  sum(l_extendedprice * (1 - l_discount)) as revenue,  c_acctbal,  n_name,  c_address,  c_phone,  c_comment from  customer,  orders,  lineitem,  nation where  c_custkey = o_custkey  and l_orderkey = o_orderkey  and o_orderdate >= date '1993-10-01'  and o_orderdate < date '1993-10-01' + NUMTOYMINTERVAL(3,'month')  and l_returnflag = 'R'  and c_nationkey = n_nationkey group by  c_custkey,  c_name,  c_acctbal,  c_phone,  n_name,  c_address,  c_comment order by  revenue desc limit 20 ;
11;96;10775.1;201.53;1841152;733234;16525312;52428800;104857600;524288000;300350464;1746944;2832384;3588096;1226752;0;0;1.41247e+07;17;nation,supplier,partsupp;select  ps_partkey,  sum(ps_supplycost * ps_availqty) as value from  partsupp,  supplier,  nation where  ps_suppkey = s_suppkey  and s_nationkey = n_nationkey  and n_name = 'GERMANY' group by  ps_partkey having   sum(ps_supplycost * ps_availqty) > (    select     sum(ps_supplycost * ps_availqty) * 0.0001/100    from     partsupp,     supplier,     nation    where     ps_suppkey = s_suppkey     and s_nationkey = n_nationkey     and n_name = 'GERMANY'   ) order by  value desc;
12;96;26655.6;1754.05;7321600;3227661;52227072;52428800;104857600;524288000;300350464;1746944;7518208;9068544;3707904;0;0;5.61843e+06;10;lineitem,orders;select  l_shipmode,  sum(case   when o_orderpriority = '1-URGENT'    or o_orderpriority = '2-HIGH'    then 1   else 0  end) as high_line_count,  sum(case   when o_orderpriority <> '1-URGENT'    and o_orderpriority <> '2-HIGH'    then 1   else 0  end) as low_line_count from  orders,  lineitem where  o_orderkey = l_orderkey  and l_shipmode in ('MAIL', 'SHIP')  and l_commitdate < l_receiptdate  and l_shipdate < l_commitdate  and l_receiptdate >= date '1994-01-01'  and l_receiptdate < date '1994-01-01' + NUMTOYMINTERVAL(1,'year') group by  l_shipmode order by  l_shipmode;
13;96;6918.09;1504.6;6706176;1724930;27723776;52428800;104857600;524288000;300350464;1746944;7996416;8453120;3230720;0;0;6.73357e+06;13;orders,customer;select  c_count,  count(*) as custdist from  (   select    c_custkey,    count(*)   from    customer left outer join orders on     c_custkey = o_custkey     and o_comment not like '%special%request%'   group by    c_custkey  ) as c_orders (c_custkey, c_count) group by  c_count order by  custdist desc,  c_count desc;
14;96;8336.95;1092.12;5986304;1457563;50376704;52428800;104857600;524288000;300350464;1746944;6287360;7733248;4557824;0;0;4.43769e+06;9;part,lineitem;select  100 * sum(case   when p_type like 'PROMO%'    then l_extendedprice * (1 - l_discount)/10   else 0  end) / sum(l_extendedprice * (1 - l_discount)/1000) as promo_revenue  from  lineitem,  part where  l_partkey = p_partkey  and l_shipdate >= date '1995-09-01'  and l_shipdate < date '1995-09-01' + NUMTOYMINTERVAL(1,'month');
15;96;74925.2;2.14;226304;179429;42466304;52428800;104857600;524288000;300350464;1746944;1751040;1973248;863232;0;0;6.42929e+07;10;lineitem,supplier;with revenue as (         select                 l_suppkey as supplier_no,                 sum(l_extendedprice * (1 - l_discount)) as total_revenue         from                 lineitem         where                 l_shipdate >= date '1996-01-01'                 and l_shipdate < date '1996-01-01' + NUMTOYMINTERVAL(3,'month')         group by                 l_suppkey ) select         s_suppkey,         s_name,         s_address,         s_phone,         total_revenue from         supplier,         revenue where         s_suppkey = supplier_no         and total_revenue = (                 select                         max(total_revenue)                 from                         revenue         ) order by         s_suppkey;
16;96;3224.41;1522.7;6730752;1024514;22539264;52428800;104857600;524288000;300350464;1746944;7954432;8477696;4241408;0;0;6.37469e+06;17;supplier,part,partsupp;select  p_brand,  p_type,  p_size,  count(ps_suppkey) as supplier_cnt  from  partsupp,  part where  p_partkey = ps_partkey  and p_brand <> 'Brand#45'  and p_type not like 'MEDIUM POLISHED%'  and p_size in (49, 14, 23, 45, 19, 3, 36, 9)  and ps_suppkey not in (   select    s_suppkey   from    supplier   where    s_comment like '%Customer%Complaints%'  ) group by  p_brand,  p_type,  p_size order by  supplier_cnt desc,  p_brand,  p_type,  p_size limit 100 ;
17;96;33047.8;2050.15;51748864;45070313;47729664;52428800;104857600;524288000;300350464;1746944;8551424;53495808;4067328;0;0;1.36392e+07;14;part,lineitem;select  sum(l_extendedprice) / 7.0 as avg_yearly from  lineitem,  part,  (select       l_partkey as temp_l_partkey, 0.2 * avg(l_quantity) as temp_avg   from   lineitem   group by l_partkey  ) as temp where  p_partkey = l_partkey  and p_brand = 'Brand#23'  and p_container = 'MED BOX'  and l_quantity < temp_avg  and p_partkey = temp_l_partkey;
18;96;24698.6;4831.69;27802624;24482453;46724096;52428800;104857600;524288000;300350464;1746944;16126976;29549568;5403648;0;0;1.491e+07;22;lineitem,orders,customer;select  c_name,  c_custkey,  o_orderkey,  o_orderdate,  o_totalprice,  sum(l_quantity) from  customer,  orders,  lineitem where  o_orderkey in (   select    l_orderkey   from    lineitem   group by    l_orderkey having     sum(l_quantity) > 300  )  and c_custkey = o_custkey  and o_orderkey = l_orderkey group by  c_name,  c_custkey,  o_orderkey,  o_orderdate,  o_totalprice order by  o_totalprice desc,  o_orderdate limit 100;
19;96;12892.2;1473.67;6083584;1061370;87536640;52428800;104857600;524288000;300350464;1746944;6820864;7830528;4377600;0;0;3.908e+06;9;part,lineitem;select  sum(l_extendedprice* (1 - l_discount)) as revenue from  lineitem,  part where  (   p_partkey = l_partkey   and p_brand = 'Brand#12'   and p_container in ('SM CASE', 'SM BOX', 'SM PACK', 'SM PKG')   and l_quantity >= 1 and l_quantity <= 1 + 10   and p_size between 1 and 5   and l_shipmode in ('AIR', 'AIR REG')   and l_shipinstruct = 'DELIVER IN PERSON'  )  or  (   p_partkey = l_partkey   and p_brand = 'Brand#23'   and p_container in ('MED BAG', 'MED BOX', 'MED PKG', 'MED PACK')   and l_quantity >= 10 and l_quantity <= 10 + 10   and p_size between 1 and 10   and l_shipmode in ('AIR', 'AIR REG')   and l_shipinstruct = 'DELIVER IN PERSON'  )  or  (   p_partkey = l_partkey   and p_brand = 'Brand#34'   and p_container in ('LG CASE', 'LG BOX', 'LG PACK', 'LG PKG')   and l_quantity >= 20 and l_quantity <= 20 + 10   and p_size between 1 and 15   and l_shipmode in ('AIR', 'AIR REG')   and l_shipinstruct = 'DELIVER IN PERSON'  );
20;96;19801;2089.8;17060864;11162460;45442048;52428800;104857600;524288000;300350464;1746944;7159808;18807808;1888256;0;0;3.61414e+07;16;lineitem,part,partsupp,nation,supplier;select  s_name,  s_address from  supplier,  nation where  s_suppkey in (   select    ps_suppkey   from    partsupp,    (     select      l_partkey as temp_l_partkey, l_suppkey as temp_l_suppkey, 0.5 * sum(l_quantity) as temp_l_quantity     from      lineitem     where      l_shipdate >= date '1994-01-01'      and l_shipdate < date '1994-01-01' + NUMTOYMINTERVAL(1,'year')     group by l_partkey, l_suppkey    ) as temp   where       temp_l_partkey = ps_partkey    and temp_l_suppkey = ps_suppkey    and ps_partkey in (     select      p_partkey     from      part     where      p_name like 'forest%'    )    and ps_availqty > temp_l_quantity  )  and s_nationkey = n_nationkey  and n_name = 'CANADA' order by  s_name;
21;96;39715.9;7069.01;56747008;45423224;48868352;52428800;104857600;524288000;300350464;1746944;17344512;58493952;5466112;0;0;1.7505e+07;24;nation,orders,lineitem,supplier;select  s_name,  count(*) as numwait from  supplier,  lineitem l1,  orders,  nation where  s_suppkey = l1.l_suppkey  and o_orderkey = l1.l_orderkey  and o_orderstatus = 'F'  and l1.l_receiptdate > l1.l_commitdate  and exists (   select    *   from    lineitem l2   where    l2.l_orderkey = l1.l_orderkey    and l2.l_suppkey <> l1.l_suppkey  )  and not exists (   select    *   from    lineitem l3   where    l3.l_orderkey = l1.l_orderkey    and l3.l_suppkey <> l1.l_suppkey    and l3.l_receiptdate > l3.l_commitdate  )  and s_nationkey = n_nationkey  and n_name = 'SAUDI ARABIA' group by  s_name order by  numwait desc,  s_name limit 100;
22;96;27750.8;711.248;4244480;483843;17681408;52428800;104857600;524288000;300350464;1746944;5427200;5991424;1208320;0;0;6.6304e+06;13;orders,customer;select  cntrycode,  count(*) as numcust,  sum(c_acctbal) as totacctbal from  (   select    substring(c_phone from 1 for 2) as cntrycode,    c_acctbal   from    customer   where    substring(c_phone from 1 for 2) in     ('13', '31', '23', '29', '30', '18', '17')    and c_acctbal > (     select      avg(c_acctbal)     from      customer     where      c_acctbal > 0.00      and substring(c_phone from 1 for 2) in       ('13', '31', '23', '29', '30', '18', '17')    )    and not exists (     select      *     from      orders     where      o_custkey = c_custkey    )  ) as custsale group by  cntrycode order by  cntrycode;
1;128;12375.1;1464.81;6604800;1137808;75523072;52428800;104857600;524288000;300350464;1746944;8135680;8351744;3979264;0;0;2.87165e+06;7;lineitem;select  l_returnflag,  l_linestatus,  sum(l_quantity) as sum_qty,  sum(l_extendedprice) as sum_base_price,  sum(l_extendedprice * (1 - l_discount)) as sum_disc_price,  sum(l_extendedprice * (1 - l_discount) * (1 + l_tax)/1000) as sum_charge,   avg(l_quantity) as avg_qty,  avg(l_extendedprice) as avg_price,  avg(l_discount) as avg_disc,  count(*) as count_order from  lineitem where  l_shipdate <= date '1998-12-01' - NUMTODSINTERVAL(3,'DAY') group by  l_returnflag,  l_linestatus order by  l_returnflag,  l_linestatus;
3;128;22096.2;2710.12;23196672;21308496;58790912;52428800;104857600;524288000;300350464;1746944;13968384;24943616;5862400;0;0;1.10883e+08;15;lineitem,orders,customer;select  l_orderkey,  sum(l_extendedprice * (1 - l_discount)) as revenue,  o_orderdate,  o_shippriority from  customer,  orders,  lineitem where  c_mktsegment = 'BUILDING'  and c_custkey = o_custkey  and l_orderkey = o_orderkey  and o_orderdate < '1995-03-15'::date  and l_shipdate > '1995-03-15'::date group by  l_orderkey,  o_orderdate,  o_shippriority order by  revenue desc,  o_orderdate limit 10 ;
4;128;12309.2;4378.59;9145344;1259731;41620480;52428800;104857600;524288000;300350464;1746944;10673152;10892288;3695616;0;0;6.371e+06;11;lineitem,orders;select  o_orderpriority,  count(*) as order_count from  orders where  o_orderdate >= '1993-07-01'::date  and o_orderdate < '1993-07-01'::date + NUMTOYMINTERVAL(3,'month')  and exists (   select    *   from    lineitem   where    l_orderkey = o_orderkey    and l_commitdate < l_receiptdate  ) group by  o_orderpriority order by  o_orderpriority;
5;128;16104.9;4143.73;18318336;3002088;64334848;52428800;104857600;524288000;300350464;1746944;16809984;20065280;5486592;0;0;1.01231e+07;22;region,nation,supplier,lineitem,orders,customer;select  n_name,  sum(l_extendedprice * (1 - l_discount)) as revenue from  customer,  orders,  lineitem,  supplier,  nation,  region where  c_custkey = o_custkey  and l_orderkey = o_orderkey  and l_suppkey = s_suppkey  and c_nationkey = s_nationkey  and s_nationkey = n_nationkey  and n_regionkey = r_regionkey  and r_name = 'ASIA'  and o_orderdate >= '1994-01-01'::date  and o_orderdate < '1994-01-01'::date + NUMTOYMINTERVAL(1,'year') group by  n_name order by  revenue desc;
6;128;7597.96;281.803;1662976;145304;53036032;52428800;104857600;524288000;300350464;1746944;3216384;3409920;4404224;0;0;1.65758e+06;5;lineitem;select  sum(l_extendedprice * l_discount) as revenue from  lineitem where  l_shipdate >= '1994-01-01'::date   and l_shipdate < '1994-01-01'::date + NUMTOYMINTERVAL(1,'year')  and l_discount between 0.06 - 0.01 and 0.06 + 0.01  and l_quantity < 24;
7;128;20252.2;3593.53;24325120;5738105;68710400;52428800;104857600;524288000;300350464;1746944;19291136;26072064;2867200;0;0;1.01514e+07;22;nation,customer,orders,lineitem,supplier;select  supp_nation,  cust_nation,  l_year,  sum(volume) as revenue from  (   select    n1.n_name as supp_nation,    n2.n_name as cust_nation,    extract(year from l_shipdate) as l_year,    l_extendedprice * (1 - l_discount) as volume   from    supplier,    lineitem,    orders,    customer,    nation n1,    nation n2   where    s_suppkey = l_suppkey    and o_orderkey = l_orderkey    and c_custkey = o_custkey    and s_nationkey = n1.n_nationkey    and c_nationkey = n2.n_nationkey    and (     (n1.n_name = 'FRANCE' and n2.n_name = 'GERMANY')     or (n1.n_name = 'GERMANY' and n2.n_name = 'FRANCE')    )    and l_shipdate between date '1995-01-01' and date '1996-12-31'  ) as shipping group by  supp_nation,  cust_nation,  l_year order by  supp_nation,  cust_nation,  l_year;
8;128;21792.5;3271.53;9586688;2897184;60416000;52428800;104857600;524288000;300350464;1746944;10609664;11333632;3562496;0;0;9.0298e+06;23;region,nation,customer,orders,lineitem,supplier,part;select  o_year,  sum(case   when nation = 'BRAZIL' then volume   else 0  end) / sum(volume) as mkt_share from  (   select    extract(year from o_orderdate) as o_year,    l_extendedprice * (1 - l_discount) as volume,    n2.n_name as nation   from    part,    supplier,    lineitem,    orders,    customer,    nation n1,    nation n2,    region   where    p_partkey = l_partkey    and s_suppkey = l_suppkey    and l_orderkey = o_orderkey    and o_custkey = c_custkey    and c_nationkey = n1.n_nationkey    and n1.n_regionkey = r_regionkey    and r_name = 'AMERICA'    and s_nationkey = n2.n_nationkey    and o_orderdate between date '1995-01-01' and date '1996-12-31'    and p_type = 'ECONOMY ANODIZED STEEL'  ) as all_nations group by  o_year order by  o_year;
10;128;21164.9;12075.7;25790464;7385525;69907456;52428800;104857600;524288000;300350464;1746944;26083328;27537408;2972672;0;0;2.79044e+08;20;nation,lineitem,orders,customer;select  c_custkey,  c_name,  sum(l_extendedprice * (1 - l_discount)) as revenue,  c_acctbal,  n_name,  c_address,  c_phone,  c_comment from  customer,  orders,  lineitem,  nation where  c_custkey = o_custkey  and l_orderkey = o_orderkey  and o_orderdate >= date '1993-10-01'  and o_orderdate < date '1993-10-01' + NUMTOYMINTERVAL(3,'month')  and l_returnflag = 'R'  and c_nationkey = n_nationkey group by  c_custkey,  c_name,  c_acctbal,  c_phone,  n_name,  c_address,  c_comment order by  revenue desc limit 20 ;
11;128;10387;280.45;2263040;783452;16997376;52428800;104857600;524288000;300350464;1746944;3175424;4009984;1342464;0;0;1.4634e+07;17;nation,supplier,partsupp;select  ps_partkey,  sum(ps_supplycost * ps_availqty) as value from  partsupp,  supplier,  nation where  ps_suppkey = s_suppkey  and s_nationkey = n_nationkey  and n_name = 'GERMANY' group by  ps_partkey having   sum(ps_supplycost * ps_availqty) > (    select     sum(ps_supplycost * ps_availqty) * 0.0001/100    from     partsupp,     supplier,     nation    where     ps_suppkey = s_suppkey     and s_nationkey = n_nationkey     and n_name = 'GERMANY'   ) order by  value desc;
12;128;29799.8;2720.3;9369600;3436407;53871616;52428800;104857600;524288000;300350464;1746944;10272768;11116544;4143104;0;0;5.85366e+06;10;lineitem,orders;select  l_shipmode,  sum(case   when o_orderpriority = '1-URGENT'    or o_orderpriority = '2-HIGH'    then 1   else 0  end) as high_line_count,  sum(case   when o_orderpriority <> '1-URGENT'    and o_orderpriority <> '2-HIGH'    then 1   else 0  end) as low_line_count from  orders,  lineitem where  o_orderkey = l_orderkey  and l_shipmode in ('MAIL', 'SHIP')  and l_commitdate < l_receiptdate  and l_shipdate < l_commitdate  and l_receiptdate >= date '1994-01-01'  and l_receiptdate < date '1994-01-01' + NUMTOYMINTERVAL(1,'year') group by  l_shipmode order by  l_shipmode;
13;128;7202.86;2594.08;9218048;1994381;31459328;52428800;104857600;524288000;300350464;1746944;10755072;10964992;5141504;0;0;7.65419e+06;13;orders,customer;select  c_count,  count(*) as custdist from  (   select    c_custkey,    count(*)   from    customer left outer join orders on     c_custkey = o_custkey     and o_comment not like '%special%request%'   group by    c_custkey  ) as c_orders (c_custkey, c_count) group by  c_count order by  custdist desc,  c_count desc;
14;128;9378.69;2309.41;8381440;1661890;51825664;52428800;104857600;524288000;300350464;1746944;8791040;10128384;4482048;0;0;4.93902e+06;9;part,lineitem;select  100 * sum(case   when p_type like 'PROMO%'    then l_extendedprice * (1 - l_discount)/10   else 0  end) / sum(l_extendedprice * (1 - l_discount)/1000) as promo_revenue  from  lineitem,  part where  l_partkey = p_partkey  and l_shipdate >= date '1995-09-01'  and l_shipdate < date '1995-09-01' + NUMTOYMINTERVAL(1,'month');
15;128;68810.5;1.84;226304;179429;43182080;52428800;104857600;524288000;300350464;1746944;1751040;1973248;1580032;0;0;6.42928e+07;10;lineitem,supplier;with revenue as (         select                 l_suppkey as supplier_no,                 sum(l_extendedprice * (1 - l_discount)) as total_revenue         from                 lineitem         where                 l_shipdate >= date '1996-01-01'                 and l_shipdate < date '1996-01-01' + NUMTOYMINTERVAL(3,'month')         group by                 l_suppkey ) select         s_suppkey,         s_name,         s_address,         s_phone,         total_revenue from         supplier,         revenue where         s_suppkey = supplier_no         and total_revenue = (                 select                         max(total_revenue)                 from                         revenue         ) order by         s_suppkey;
16;128;4385.79;2107.17;10678272;1323355;23408640;52428800;104857600;524288000;300350464;1746944;11965440;12425216;3192832;0;0;7.74976e+06;17;supplier,part,partsupp;select  p_brand,  p_type,  p_size,  count(ps_suppkey) as supplier_cnt  from  partsupp,  part where  p_partkey = ps_partkey  and p_brand <> 'Brand#45'  and p_type not like 'MEDIUM POLISHED%'  and p_size in (49, 14, 23, 45, 19, 3, 36, 9)  and ps_suppkey not in (   select    s_suppkey   from    supplier   where    s_comment like '%Customer%Complaints%'  ) group by  p_brand,  p_type,  p_size order by  supplier_cnt desc,  p_brand,  p_type,  p_size limit 100 ;
17;128;36893.9;1730.47;56451072;46973741;49326080;52428800;104857600;524288000;300350464;1746944;9264128;58198016;2273280;0;0;1.42466e+07;14;part,lineitem;select  sum(l_extendedprice) / 7.0 as avg_yearly from  lineitem,  part,  (select       l_partkey as temp_l_partkey, 0.2 * avg(l_quantity) as temp_avg   from   lineitem   group by l_partkey  ) as temp where  p_partkey = l_partkey  and p_brand = 'Brand#23'  and p_container = 'MED BOX'  and l_quantity < temp_avg  and p_partkey = temp_l_partkey;
18;128;42754.2;7282.77;42009600;39615489;51265536;52428800;104857600;524288000;300350464;1746944;21076992;43756544;6451200;0;0;1.47449e+07;22;lineitem,orders,customer;select  c_name,  c_custkey,  o_orderkey,  o_orderdate,  o_totalprice,  sum(l_quantity) from  customer,  orders,  lineitem where  o_orderkey in (   select    l_orderkey   from    lineitem   group by    l_orderkey having     sum(l_quantity) > 300  )  and c_custkey = o_custkey  and o_orderkey = l_orderkey group by  c_name,  c_custkey,  o_orderkey,  o_orderdate,  o_totalprice order by  o_totalprice desc,  o_orderdate limit 100;
19;128;14531.4;3127.25;9583616;1295270;90353664;52428800;104857600;524288000;300350464;1746944;10427392;11330560;4093952;0;0;4.38058e+06;9;part,lineitem;select  sum(l_extendedprice* (1 - l_discount)) as revenue from  lineitem,  part where  (   p_partkey = l_partkey   and p_brand = 'Brand#12'   and p_container in ('SM CASE', 'SM BOX', 'SM PACK', 'SM PKG')   and l_quantity >= 1 and l_quantity <= 1 + 10   and p_size between 1 and 5   and l_shipmode in ('AIR', 'AIR REG')   and l_shipinstruct = 'DELIVER IN PERSON'  )  or  (   p_partkey = l_partkey   and p_brand = 'Brand#23'   and p_container in ('MED BAG', 'MED BOX', 'MED PKG', 'MED PACK')   and l_quantity >= 10 and l_quantity <= 10 + 10   and p_size between 1 and 10   and l_shipmode in ('AIR', 'AIR REG')   and l_shipinstruct = 'DELIVER IN PERSON'  )  or  (   p_partkey = l_partkey   and p_brand = 'Brand#34'   and p_container in ('LG CASE', 'LG BOX', 'LG PACK', 'LG PKG')   and l_quantity >= 20 and l_quantity <= 20 + 10   and p_size between 1 and 15   and l_shipmode in ('AIR', 'AIR REG')   and l_shipinstruct = 'DELIVER IN PERSON'  );
20;128;21586.4;1434.82;20203520;11930029;49432576;52428800;104857600;524288000;300350464;1746944;7493632;21950464;3832832;0;0;3.61892e+07;16;lineitem,part,partsupp,nation,supplier;select  s_name,  s_address from  supplier,  nation where  s_suppkey in (   select    ps_suppkey   from    partsupp,    (     select      l_partkey as temp_l_partkey, l_suppkey as temp_l_suppkey, 0.5 * sum(l_quantity) as temp_l_quantity     from      lineitem     where      l_shipdate >= date '1994-01-01'      and l_shipdate < date '1994-01-01' + NUMTOYMINTERVAL(1,'year')     group by l_partkey, l_suppkey    ) as temp   where       temp_l_partkey = ps_partkey    and temp_l_suppkey = ps_suppkey    and ps_partkey in (     select      p_partkey     from      part     where      p_name like 'forest%'    )    and ps_availqty > temp_l_quantity  )  and s_nationkey = n_nationkey  and n_name = 'CANADA' order by  s_name;
21;128;49762.9;11234.6;64876544;47621197;51442688;52428800;104857600;524288000;300350464;1746944;26555392;66623488;2721792;0;0;1.80208e+07;24;nation,orders,lineitem,supplier;select  s_name,  count(*) as numwait from  supplier,  lineitem l1,  orders,  nation where  s_suppkey = l1.l_suppkey  and o_orderkey = l1.l_orderkey  and o_orderstatus = 'F'  and l1.l_receiptdate > l1.l_commitdate  and exists (   select    *   from    lineitem l2   where    l2.l_orderkey = l1.l_orderkey    and l2.l_suppkey <> l1.l_suppkey  )  and not exists (   select    *   from    lineitem l3   where    l3.l_orderkey = l1.l_orderkey    and l3.l_suppkey <> l1.l_suppkey    and l3.l_receiptdate > l3.l_commitdate  )  and s_nationkey = n_nationkey  and n_name = 'SAUDI ARABIA' group by  s_name order by  numwait desc,  s_name limit 100;
22;128;29150.8;1084.95;6148096;634614;18718720;52428800;104857600;524288000;300350464;1746944;7057408;7895040;1583104;0;0;7.35213e+06;13;orders,customer;select  cntrycode,  count(*) as numcust,  sum(c_acctbal) as totacctbal from  (   select    substring(c_phone from 1 for 2) as cntrycode,    c_acctbal   from    customer   where    substring(c_phone from 1 for 2) in     ('13', '31', '23', '29', '30', '18', '17')    and c_acctbal > (     select      avg(c_acctbal)     from      customer     where      c_acctbal > 0.00      and substring(c_phone from 1 for 2) in       ('13', '31', '23', '29', '30', '18', '17')    )    and not exists (     select      *     from      orders     where      o_custkey = c_custkey    )  ) as custsale group by  cntrycode order by  cntrycode;
1;160;13078.8;3628.74;8272896;1464957;77641728;52428800;104857600;524288000;300350464;1746944;9560064;10019840;3173376;0;0;2.69912e+06;7;lineitem;select  l_returnflag,  l_linestatus,  sum(l_quantity) as sum_qty,  sum(l_extendedprice) as sum_base_price,  sum(l_extendedprice * (1 - l_discount)) as sum_disc_price,  sum(l_extendedprice * (1 - l_discount) * (1 + l_tax)/1000) as sum_charge,   avg(l_quantity) as avg_qty,  avg(l_extendedprice) as avg_price,  avg(l_discount) as avg_disc,  count(*) as count_order from  lineitem where  l_shipdate <= date '1998-12-01' - NUMTODSINTERVAL(3,'DAY') group by  l_returnflag,  l_linestatus order by  l_returnflag,  l_linestatus;
3;160;21640.6;4185.95;26045440;23428068;61500416;52428800;104857600;524288000;300350464;1746944;18311168;27792384;6476800;0;0;1.11321e+08;15;lineitem,orders,customer;select  l_orderkey,  sum(l_extendedprice * (1 - l_discount)) as revenue,  o_orderdate,  o_shippriority from  customer,  orders,  lineitem where  c_mktsegment = 'BUILDING'  and c_custkey = o_custkey  and l_orderkey = o_orderkey  and o_orderdate < '1995-03-15'::date  and l_shipdate > '1995-03-15'::date group by  l_orderkey,  o_orderdate,  o_shippriority order by  revenue desc,  o_orderdate limit 10 ;
4;160;14845.5;6286.49;11339776;1591907;44707840;52428800;104857600;524288000;300350464;1746944;12784640;13086720;4687872;0;0;7.0484e+06;11;lineitem,orders;select  o_orderpriority,  count(*) as order_count from  orders where  o_orderdate >= '1993-07-01'::date  and o_orderdate < '1993-07-01'::date + NUMTOYMINTERVAL(3,'month')  and exists (   select    *   from    lineitem   where    l_orderkey = o_orderkey    and l_commitdate < l_receiptdate  ) group by  o_orderpriority order by  o_orderpriority;
5;160;20028.3;5155;25828352;3728795;67582976;52428800;104857600;524288000;300350464;1746944;22980608;27575296;847872;0;0;1.17695e+07;22;region,nation,supplier,lineitem,orders,customer;select  n_name,  sum(l_extendedprice * (1 - l_discount)) as revenue from  customer,  orders,  lineitem,  supplier,  nation,  region where  c_custkey = o_custkey  and l_orderkey = o_orderkey  and l_suppkey = s_suppkey  and c_nationkey = s_nationkey  and s_nationkey = n_nationkey  and n_regionkey = r_regionkey  and r_name = 'ASIA'  and o_orderdate >= '1994-01-01'::date  and o_orderdate < '1994-01-01'::date + NUMTOYMINTERVAL(1,'year') group by  n_name order by  revenue desc;
6;160;7384.27;350.208;2062336;181573;53581824;52428800;104857600;524288000;300350464;1746944;3592192;3809280;4637696;0;0;1.65819e+06;5;lineitem;select  sum(l_extendedprice * l_discount) as revenue from  lineitem where  l_shipdate >= '1994-01-01'::date   and l_shipdate < '1994-01-01'::date + NUMTOYMINTERVAL(1,'year')  and l_discount between 0.06 - 0.01 and 0.06 + 0.01  and l_quantity < 24;
7;160;22860.1;5119.71;30114816;6344553;73640960;52428800;104857600;524288000;300350464;1746944;22897664;31861760;1196032;0;0;1.15622e+07;22;nation,customer,orders,lineitem,supplier;select  supp_nation,  cust_nation,  l_year,  sum(volume) as revenue from  (   select    n1.n_name as supp_nation,    n2.n_name as cust_nation,    extract(year from l_shipdate) as l_year,    l_extendedprice * (1 - l_discount) as volume   from    supplier,    lineitem,    orders,    customer,    nation n1,    nation n2   where    s_suppkey = l_suppkey    and o_orderkey = l_orderkey    and c_custkey = o_custkey    and s_nationkey = n1.n_nationkey    and c_nationkey = n2.n_nationkey    and (     (n1.n_name = 'FRANCE' and n2.n_name = 'GERMANY')     or (n1.n_name = 'GERMANY' and n2.n_name = 'FRANCE')    )    and l_shipdate between date '1995-01-01' and date '1996-12-31'  ) as shipping group by  supp_nation,  cust_nation,  l_year order by  supp_nation,  cust_nation,  l_year;
8;160;14944.9;4580.13;16463872;3297108;65993728;52428800;104857600;524288000;300350464;1746944;15391744;18210816;2991104;0;0;1.17348e+07;24;region,nation,customer,orders,lineitem,supplier,part;select  o_year,  sum(case   when nation = 'BRAZIL' then volume   else 0  end) / sum(volume) as mkt_share from  (   select    extract(year from o_orderdate) as o_year,    l_extendedprice * (1 - l_discount) as volume,    n2.n_name as nation   from    part,    supplier,    lineitem,    orders,    customer,    nation n1,    nation n2,    region   where    p_partkey = l_partkey    and s_suppkey = l_suppkey    and l_orderkey = o_orderkey    and o_custkey = c_custkey    and c_nationkey = n1.n_nationkey    and n1.n_regionkey = r_regionkey    and r_name = 'AMERICA'    and s_nationkey = n2.n_nationkey    and o_orderdate between date '1995-01-01' and date '1996-12-31'    and p_type = 'ECONOMY ANODIZED STEEL'  ) as all_nations group by  o_year order by  o_year;
10;160;22898.9;16756.5;32322560;8017195;73996288;52428800;104857600;524288000;300350464;1746944;32985088;34069504;1647616;0;0;2.80796e+08;20;nation,lineitem,orders,customer;select  c_custkey,  c_name,  sum(l_extendedprice * (1 - l_discount)) as revenue,  c_acctbal,  n_name,  c_address,  c_phone,  c_comment from  customer,  orders,  lineitem,  nation where  c_custkey = o_custkey  and l_orderkey = o_orderkey  and o_orderdate >= date '1993-10-01'  and o_orderdate < date '1993-10-01' + NUMTOYMINTERVAL(3,'month')  and l_returnflag = 'R'  and c_nationkey = n_nationkey group by  c_custkey,  c_name,  c_acctbal,  c_phone,  n_name,  c_address,  c_comment order by  revenue desc limit 20 ;
11;160;10387.3;368.75;2688000;833673;18184192;52428800;104857600;524288000;300350464;1746944;3617792;4434944;2231296;0;0;1.51556e+07;17;nation,supplier,partsupp;select  ps_partkey,  sum(ps_supplycost * ps_availqty) as value from  partsupp,  supplier,  nation where  ps_suppkey = s_suppkey  and s_nationkey = n_nationkey  and n_name = 'GERMANY' group by  ps_partkey having   sum(ps_supplycost * ps_availqty) > (    select     sum(ps_supplycost * ps_availqty) * 0.0001/100    from     partsupp,     supplier,     nation    where     ps_suppkey = s_suppkey     and s_nationkey = n_nationkey     and n_name = 'GERMANY'   ) order by  value desc;
12;160;37496.4;3509.06;11794432;3673640;54913024;52428800;104857600;524288000;300350464;1746944;13259776;13541376;3004416;0;0;6.3148e+06;10;lineitem,orders;select  l_shipmode,  sum(case   when o_orderpriority = '1-URGENT'    or o_orderpriority = '2-HIGH'    then 1   else 0  end) as high_line_count,  sum(case   when o_orderpriority <> '1-URGENT'    and o_orderpriority <> '2-HIGH'    then 1   else 0  end) as low_line_count from  orders,  lineitem where  o_orderkey = l_orderkey  and l_shipmode in ('MAIL', 'SHIP')  and l_commitdate < l_receiptdate  and l_shipdate < l_commitdate  and l_receiptdate >= date '1994-01-01'  and l_receiptdate < date '1994-01-01' + NUMTOYMINTERVAL(1,'year') group by  l_shipmode order by  l_shipmode;
13;160;11724.5;2938.73;11301888;2310050;34699264;52428800;104857600;524288000;300350464;1746944;12876800;13048832;6531072;0;0;8.74416e+06;13;orders,customer;select  c_count,  count(*) as custdist from  (   select    c_custkey,    count(*)   from    customer left outer join orders on     c_custkey = o_custkey     and o_comment not like '%special%request%'   group by    c_custkey  ) as c_orders (c_custkey, c_count) group by  c_count order by  custdist desc,  c_count desc;
14;160;11487.3;4748.58;11322368;1899838;55126016;52428800;104857600;524288000;300350464;1746944;11969536;13069312;4145152;0;0;5.57262e+06;9;part,lineitem;select  100 * sum(case   when p_type like 'PROMO%'    then l_extendedprice * (1 - l_discount)/10   else 0  end) / sum(l_extendedprice * (1 - l_discount)/1000) as promo_revenue  from  lineitem,  part where  l_partkey = p_partkey  and l_shipdate >= date '1995-09-01'  and l_shipdate < date '1995-09-01' + NUMTOYMINTERVAL(1,'month');
15;160;73404.6;1.965;226304;179429;43023360;52428800;104857600;524288000;300350464;1746944;1751040;1973248;1421312;0;0;6.42928e+07;10;lineitem,supplier;with revenue as (         select                 l_suppkey as supplier_no,                 sum(l_extendedprice * (1 - l_discount)) as total_revenue         from                 lineitem         where                 l_shipdate >= date '1996-01-01'                 and l_shipdate < date '1996-01-01' + NUMTOYMINTERVAL(3,'month')         group by                 l_suppkey ) select         s_suppkey,         s_name,         s_address,         s_phone,         total_revenue from         supplier,         revenue where         s_suppkey = supplier_no         and total_revenue = (                 select                         max(total_revenue)                 from                         revenue         ) order by         s_suppkey;
16;160;4821.89;2633.09;13550592;1737920;22581248;52428800;104857600;524288000;300350464;1746944;14750720;15297536;1180672;0;0;9.24694e+06;17;supplier,part,partsupp;select  p_brand,  p_type,  p_size,  count(ps_suppkey) as supplier_cnt  from  partsupp,  part where  p_partkey = ps_partkey  and p_brand <> 'Brand#45'  and p_type not like 'MEDIUM POLISHED%'  and p_size in (49, 14, 23, 45, 19, 3, 36, 9)  and ps_suppkey not in (   select    s_suppkey   from    supplier   where    s_comment like '%Customer%Complaints%'  ) group by  p_brand,  p_type,  p_size order by  supplier_cnt desc,  p_brand,  p_type,  p_size limit 100 ;
17;160;44653;7327.69;61206528;48425528;53938176;52428800;104857600;524288000;300350464;1746944;21014528;62953472;4340736;0;0;1.50751e+07;14;part,lineitem;select  sum(l_extendedprice) / 7.0 as avg_yearly from  lineitem,  part,  (select       l_partkey as temp_l_partkey, 0.2 * avg(l_quantity) as temp_avg   from   lineitem   group by l_partkey  ) as temp where  p_partkey = l_partkey  and p_brand = 'Brand#23'  and p_container = 'MED BOX'  and l_quantity < temp_avg  and p_partkey = temp_l_partkey;
18;160;39662;11562.7;46539776;39968405;52811776;52428800;104857600;524288000;300350464;1746944;30258176;48286720;4838400;0;0;1.54751e+07;22;lineitem,orders,customer;select  c_name,  c_custkey,  o_orderkey,  o_orderdate,  o_totalprice,  sum(l_quantity) from  customer,  orders,  lineitem where  o_orderkey in (   select    l_orderkey   from    lineitem   group by    l_orderkey having     sum(l_quantity) > 300  )  and c_custkey = o_custkey  and o_orderkey = l_orderkey group by  c_name,  c_custkey,  o_orderkey,  o_orderdate,  o_totalprice order by  o_totalprice desc,  o_orderdate limit 100;
19;160;17231.8;5642.44;12306432;1561194;91410432;52428800;104857600;524288000;300350464;1746944;13130752;14053376;3723264;0;0;4.99693e+06;9;part,lineitem;select  sum(l_extendedprice* (1 - l_discount)) as revenue from  lineitem,  part where  (   p_partkey = l_partkey   and p_brand = 'Brand#12'   and p_container in ('SM CASE', 'SM BOX', 'SM PACK', 'SM PKG')   and l_quantity >= 1 and l_quantity <= 1 + 10   and p_size between 1 and 5   and l_shipmode in ('AIR', 'AIR REG')   and l_shipinstruct = 'DELIVER IN PERSON'  )  or  (   p_partkey = l_partkey   and p_brand = 'Brand#23'   and p_container in ('MED BAG', 'MED BOX', 'MED PKG', 'MED PACK')   and l_quantity >= 10 and l_quantity <= 10 + 10   and p_size between 1 and 10   and l_shipmode in ('AIR', 'AIR REG')   and l_shipinstruct = 'DELIVER IN PERSON'  )  or  (   p_partkey = l_partkey   and p_brand = 'Brand#34'   and p_container in ('LG CASE', 'LG BOX', 'LG PACK', 'LG PKG')   and l_quantity >= 20 and l_quantity <= 20 + 10   and p_size between 1 and 15   and l_shipmode in ('AIR', 'AIR REG')   and l_shipinstruct = 'DELIVER IN PERSON'  );
20;160;28151.1;5043.15;23436288;12719975;52720640;52428800;104857600;524288000;300350464;1746944;12592128;25183232;4026368;0;0;3.66054e+07;16;lineitem,part,partsupp,nation,supplier;select  s_name,  s_address from  supplier,  nation where  s_suppkey in (   select    ps_suppkey   from    partsupp,    (     select      l_partkey as temp_l_partkey, l_suppkey as temp_l_suppkey, 0.5 * sum(l_quantity) as temp_l_quantity     from      lineitem     where      l_shipdate >= date '1994-01-01'      and l_shipdate < date '1994-01-01' + NUMTOYMINTERVAL(1,'year')     group by l_partkey, l_suppkey    ) as temp   where       temp_l_partkey = ps_partkey    and temp_l_suppkey = ps_suppkey    and ps_partkey in (     select      p_partkey     from      part     where      p_name like 'forest%'    )    and ps_availqty > temp_l_quantity  )  and s_nationkey = n_nationkey  and n_name = 'CANADA' order by  s_name;
21;160;51428;21304.9;69030912;47324936;56153088;52428800;104857600;524288000;300350464;1746944;36877312;70777856;3332096;0;0;1.94458e+07;24;nation,orders,lineitem,supplier;select  s_name,  count(*) as numwait from  supplier,  lineitem l1,  orders,  nation where  s_suppkey = l1.l_suppkey  and o_orderkey = l1.l_orderkey  and o_orderstatus = 'F'  and l1.l_receiptdate > l1.l_commitdate  and exists (   select    *   from    lineitem l2   where    l2.l_orderkey = l1.l_orderkey    and l2.l_suppkey <> l1.l_suppkey  )  and not exists (   select    *   from    lineitem l3   where    l3.l_orderkey = l1.l_orderkey    and l3.l_suppkey <> l1.l_suppkey    and l3.l_receiptdate > l3.l_commitdate  )  and s_nationkey = n_nationkey  and n_name = 'SAUDI ARABIA' group by  s_name order by  numwait desc,  s_name limit 100;
22;160;31626.3;1142.59;7558144;826532;20127744;52428800;104857600;524288000;300350464;1746944;7739392;9305088;1320960;0;0;8.16915e+06;13;orders,customer;select  cntrycode,  count(*) as numcust,  sum(c_acctbal) as totacctbal from  (   select    substring(c_phone from 1 for 2) as cntrycode,    c_acctbal   from    customer   where    substring(c_phone from 1 for 2) in     ('13', '31', '23', '29', '30', '18', '17')    and c_acctbal > (     select      avg(c_acctbal)     from      customer     where      c_acctbal > 0.00      and substring(c_phone from 1 for 2) in       ('13', '31', '23', '29', '30', '18', '17')    )    and not exists (     select      *     from      orders     where      o_custkey = c_custkey    )  ) as custsale group by  cntrycode order by  cntrycode;
