query_id,plan_id,operator_type,width,dop,left_child,parent_child
3,0,Row Adapter,102,1,1,-1
3,1,Vector Limit,102,1,2,0
3,2,Vector Sort,102,1,3,1
3,3,Vector Sonic Hash Aggregate,102,1,4,2
3,4,Vector Sonic Hash Join,70,1,5,3
3,5,Vector Nest Loop,70,1,6,4
3,6,CStore Scan,59,1,-1,5
3,7,CStore Index Scan,19,1,-1,5
3,8,CStore Scan,8,1,-1,4
4,0,Row Adapter,71,1,1,-1
4,1,Vector Limit,71,1,2,0
4,2,Vector Sort,71,1,3,1
4,3,Vector Streaming LOCAL GATHER,71,1,4,2
4,4,Vector Limit,71,8,5,3
4,5,Vector Sort,71,8,6,4
4,6,Vector Sonic Hash Join,71,8,7,5
4,7,Vector Streaming LOCAL REDISTRIBUTE,132,8,8,6
4,8,Vector Sonic Hash Join,132,8,9,7
4,9,Vector Streaming LOCAL GATHER,147,8,10,8
4,10,Vector Sonic Hash Join,147,1,11,9
4,11,Vector Streaming LOCAL BROADCAST,98,1,12,10
4,12,Vector Sonic Hash Join,98,1,13,11
4,13,Vector Streaming LOCAL BROADCAST,49,1,14,12
4,14,Vector Append,49,64,15,13
4,15,Vector Subquery Scan,49,64,16,14
4,16,Vector Sonic Hash Aggregate,299,64,17,15
4,17,Vector Streaming LOCAL REDISTRIBUTE,299,64,18,16
4,18,Vector Sonic Hash Aggregate,299,32,19,17
4,19,Vector Sonic Hash Join,235,32,20,18
4,20,Vector Streaming LOCAL REDISTRIBUTE,191,32,21,19
4,21,CStore Scan,191,32,-1,20
4,22,Vector Streaming LOCAL REDISTRIBUTE,52,32,23,19
4,23,Vector Sonic Hash Join,52,64,24,22
4,24,CStore Scan,52,64,-1,23
4,25,Vector Streaming BROADCAST,8,64,26,23
4,26,CStore Scan,8,8,-1,25
4,27,Vector Append,49,1,28,12
4,28,Vector Subquery Scan,49,1,29,27
4,29,Vector Sonic Hash Aggregate,267,1,30,28
4,30,Vector Streaming LOCAL REDISTRIBUTE,267,1,31,29
4,31,Vector Sonic Hash Aggregate,267,32,32,30
4,32,Vector Sonic Hash Join,235,32,33,31
4,33,Vector Streaming LOCAL REDISTRIBUTE,191,32,34,32
4,34,CStore Scan,191,32,-1,33
4,35,Vector Streaming LOCAL REDISTRIBUTE,52,32,36,32
4,36,Vector Sonic Hash Join,52,64,37,35
4,37,CStore Scan,52,64,-1,36
4,38,Vector Streaming BROADCAST,8,64,39,36
4,39,CStore Scan,8,8,-1,38
4,40,Vector Append,49,1,41,10
4,41,Vector Subquery Scan,49,1,42,40
4,42,Vector Sonic Hash Aggregate,267,1,43,41
4,43,Vector Streaming LOCAL REDISTRIBUTE,267,1,44,42
4,44,Vector Sonic Hash Aggregate,267,32,45,43
4,45,Vector Sonic Hash Join,235,32,46,44
4,46,Vector Streaming LOCAL REDISTRIBUTE,52,32,47,45
4,47,Vector Sonic Hash Join,52,64,48,46
4,48,CStore Scan,52,64,-1,47
4,49,Vector Streaming BROADCAST,8,64,50,47
4,50,CStore Scan,8,8,-1,49
4,51,Vector Streaming LOCAL REDISTRIBUTE,191,32,52,45
4,52,CStore Scan,191,32,-1,51
4,53,Vector Streaming LOCAL GATHER,49,8,54,8
4,54,Vector Append,49,8,55,53
4,55,Vector Subquery Scan,49,8,56,54
4,56,Vector Sonic Hash Aggregate,299,8,57,55
4,57,Vector Streaming LOCAL REDISTRIBUTE,299,8,58,56
4,58,Vector Sonic Hash Aggregate,299,32,59,57
4,59,Vector Sonic Hash Join,235,32,60,58
4,60,Vector Streaming LOCAL REDISTRIBUTE,52,32,61,59
4,61,Vector Sonic Hash Join,52,64,62,60
4,62,CStore Scan,52,64,-1,61
4,63,Vector Streaming BROADCAST,8,64,64,61
4,64,CStore Scan,8,8,-1,63
4,65,Vector Streaming LOCAL REDISTRIBUTE,191,32,66,59
4,66,CStore Scan,191,32,-1,65
4,67,Vector Streaming LOCAL REDISTRIBUTE,152,8,68,6
4,68,Vector Sonic Hash Join,152,1,69,67
4,69,Vector Streaming LOCAL BROADCAST,49,1,70,68
4,70,Vector Append,49,64,71,69
4,71,Vector Subquery Scan,49,64,72,70
4,72,Vector Sonic Hash Aggregate,299,64,73,71
4,73,Vector Streaming LOCAL REDISTRIBUTE,299,64,74,72
4,74,Vector Sonic Hash Aggregate,299,32,75,73
4,75,Vector Sonic Hash Join,235,32,76,74
4,76,Vector Streaming LOCAL REDISTRIBUTE,52,32,77,75
4,77,Vector Sonic Hash Join,52,64,78,76
4,78,CStore Scan,52,64,-1,77
4,79,Vector Streaming BROADCAST,8,64,80,77
4,80,CStore Scan,8,8,-1,79
4,81,Vector Streaming LOCAL REDISTRIBUTE,191,32,82,75
4,82,CStore Scan,191,32,-1,81
4,83,Vector Append,103,1,84,68
4,84,Vector Subquery Scan,103,1,85,83
4,85,Vector Sonic Hash Aggregate,267,1,86,84
4,86,Vector Streaming LOCAL REDISTRIBUTE,267,1,87,85
4,87,Vector Sonic Hash Aggregate,267,32,88,86
4,88,Vector Sonic Hash Join,235,32,89,87
4,89,Vector Streaming LOCAL REDISTRIBUTE,52,32,90,88
4,90,Vector Sonic Hash Join,52,64,91,89
4,91,CStore Scan,52,64,-1,90
4,92,Vector Streaming BROADCAST,8,64,93,90
4,93,CStore Scan,8,8,-1,92
4,94,Vector Streaming LOCAL REDISTRIBUTE,191,32,95,88
4,95,CStore Scan,191,32,-1,94
6,0,Row Adapter,19,1,1,-1
6,1,Vector Limit,19,1,5,0
6,2,Row Adapter,4,8,3,14
6,3,Vector Sonic Hash Aggregate,4,8,4,2
6,4,CStore Scan,4,8,-1,3
6,5,Vector Sort,19,1,6,1
6,6,Vector Sonic Hash Aggregate,19,1,7,5
6,7,Vector Sonic Hash Join,3,1,8,6
6,8,Vector Sonic Hash Join,4,1,9,7
6,9,Vector Sonic Hash Join,4,1,10,8
6,10,Vector Streaming LOCAL GATHER,8,1,11,9
6,11,Vector Sonic Hash Join,8,32,12,10
6,12,CStore Scan,12,32,-1,11
6,13,Vector Streaming BROADCAST,8,32,14,11
6,14,CStore Scan,8,8,2,13
6,15,Vector Sonic Hash Join,4,1,16,9
6,16,CStore Scan,66,1,-1,15
6,17,Vector Subquery Scan,83,1,18,15
6,18,Vector Sonic Hash Aggregate,94,1,19,17
6,19,CStore Scan,62,1,-1,18
6,20,CStore Scan,8,1,-1,8
6,21,CStore Scan,7,1,-1,7
7,0,Row Adapter,182,1,1,-1
7,1,Vector Limit,182,1,2,0
7,2,Vector Sort,182,1,3,1
7,3,Vector Streaming LOCAL GATHER,182,1,4,2
7,4,Vector Limit,182,8,5,3
7,5,Vector Sort,182,8,6,4
7,6,Vector Sonic Hash Aggregate,182,8,7,5
7,7,Vector Streaming LOCAL REDISTRIBUTE,182,8,8,6
7,8,Vector Sonic Hash Aggregate,182,8,9,7
7,9,Vector Sonic Hash Join,54,8,10,8
7,10,Vector Streaming LOCAL REDISTRIBUTE,41,8,11,9
7,11,Vector Sonic Hash Join,41,10,12,10
7,12,Vector Sonic Hash Join,45,10,13,11
7,13,Vector Sonic Hash Join,49,10,14,12
7,14,CStore Scan,53,10,-1,13
7,15,Vector Streaming BROADCAST,4,10,16,13
7,16,CStore Scan,4,8,-1,15
7,17,Vector Streaming BROADCAST,4,10,18,12
7,18,CStore Scan,4,8,-1,17
7,19,Vector Streaming BROADCAST,4,10,20,11
7,20,CStore Scan,4,8,-1,19
7,21,Vector Streaming LOCAL REDISTRIBUTE,21,8,22,9
7,22,CStore Scan,21,8,-1,21
8,0,Row Adapter,47,1,1,-1
8,1,Vector Limit,47,1,2,0
8,2,Vector Sort,47,1,3,1
8,3,Vector Streaming LOCAL GATHER,47,1,4,2
8,4,Vector Sonic Hash Aggregate,47,8,5,3
8,5,Vector Streaming LOCAL REDISTRIBUTE,47,8,6,4
8,6,Vector Sonic Hash Aggregate,47,32,7,5
8,7,Vector Sonic Hash Join,15,32,8,6
8,8,Vector Streaming BROADCAST,8,32,9,7
8,9,Vector Sonic Hash Join,8,8,10,8
8,10,Vector Subquery Scan,32,8,11,9
8,11,Vector SetOp,11,8,12,10
8,12,Vector Append,11,8,13,11
8,13,Vector Streaming LOCAL GATHER,11,8,14,12
8,14,Vector Subquery Scan,11,10,15,13
8,15,CStore Scan,11,10,-1,14
8,16,Vector Subquery Scan,32,8,17,12
8,17,Vector Subquery Scan,32,8,18,16
8,18,Vector Hash Aggregate,27,8,19,17
8,19,Vector Sonic Hash Join,11,8,20,18
8,20,CStore Scan,4,8,-1,19
8,21,CStore Scan,15,8,-1,19
8,22,CStore Scan,19,8,-1,9
8,23,Vector Sonic Hash Join,15,32,24,7
8,24,CStore Scan,19,32,-1,23
8,25,Vector Streaming BROADCAST,4,32,26,23
8,26,CStore Scan,4,8,-1,25
10,0,Row Adapter,100,1,1,-1
10,1,Vector Limit,100,1,2,0
10,2,Vector Sort Aggregate,100,1,3,1
10,3,Vector Sort,52,1,4,2
10,4,Vector Sonic Hash Join,52,1,5,3
10,5,CStore Scan,56,1,-1,4
10,6,Vector Sonic Hash Join,4,1,7,4
10,7,CStore Scan,4,1,-1,6
10,8,Vector Hash Join,8,1,9,6
10,9,Vector Streaming LOCAL GATHER,4,1,10,8
10,10,Vector Sonic Hash Aggregate,4,8,11,9
10,11,Vector Streaming LOCAL REDISTRIBUTE,4,8,12,10
10,12,Vector Sonic Hash Aggregate,4,10,13,11
10,13,Vector Sonic Hash Join,4,10,14,12
10,14,CStore Scan,8,10,-1,13
10,15,Vector Streaming BROADCAST,4,10,16,13
10,16,CStore Scan,4,8,-1,15
10,17,Vector Hash Join,16,1,18,8
10,18,Vector Streaming LOCAL GATHER,4,1,19,17
10,19,Vector Sonic Hash Aggregate,4,8,20,18
10,20,Vector Streaming LOCAL REDISTRIBUTE,4,8,21,19
10,21,Vector Sonic Hash Aggregate,4,8,22,20
10,22,Vector Sonic Hash Join,4,8,23,21
10,23,CStore Scan,8,8,-1,22
10,24,Vector Streaming BROADCAST,4,8,25,22
10,25,CStore Scan,4,8,-1,24
10,26,Vector Sonic Hash Join,12,1,27,17
10,27,Vector Sonic Hash Aggregate,4,1,28,26
10,28,Vector Streaming LOCAL GATHER,4,1,29,27
10,29,Vector Sonic Hash Aggregate,4,12,30,28
10,30,Vector Sonic Hash Join,4,12,31,29
10,31,CStore Scan,8,12,-1,30
10,32,Vector Streaming BROADCAST,4,12,33,30
10,33,CStore Scan,4,8,-1,32
10,34,CStore Scan,12,1,-1,26
11,0,Row Adapter,71,1,1,-1
11,1,Vector Limit,71,1,2,0
11,2,Vector Sort,71,1,3,1
11,3,Vector Streaming LOCAL GATHER,71,1,4,2
11,4,Vector Limit,71,8,5,3
11,5,Vector Sort,71,8,6,4
11,6,Vector Sonic Hash Join,71,8,7,5
11,7,Vector Streaming LOCAL REDISTRIBUTE,147,8,8,6
11,8,Vector Sonic Hash Join,147,1,9,7
11,9,Vector Streaming LOCAL BROADCAST,98,1,10,8
11,10,Vector Sonic Hash Join,98,1,11,9
11,11,Vector Streaming LOCAL BROADCAST,49,1,12,10
11,12,Vector Append,49,64,13,11
11,13,Vector Subquery Scan,49,64,14,12
11,14,Vector Sonic Hash Aggregate,277,64,15,13
11,15,Vector Streaming LOCAL REDISTRIBUTE,277,64,16,14
11,16,Vector Sonic Hash Aggregate,277,32,17,15
11,17,Vector Sonic Hash Join,213,32,18,16
11,18,Vector Streaming LOCAL REDISTRIBUTE,191,32,19,17
11,19,CStore Scan,191,32,-1,18
11,20,Vector Streaming LOCAL REDISTRIBUTE,30,32,21,17
11,21,Vector Sonic Hash Join,30,64,22,20
11,22,CStore Scan,30,64,-1,21
11,23,Vector Streaming BROADCAST,8,64,24,21
11,24,CStore Scan,8,8,-1,23
11,25,Vector Append,49,1,26,10
11,26,Vector Subquery Scan,49,1,27,25
11,27,Vector Sonic Hash Aggregate,245,1,28,26
11,28,Vector Streaming LOCAL REDISTRIBUTE,245,1,29,27
11,29,Vector Sonic Hash Aggregate,245,32,30,28
11,30,Vector Sonic Hash Join,213,32,31,29
11,31,Vector Streaming LOCAL REDISTRIBUTE,191,32,32,30
11,32,CStore Scan,191,16,-1,31
11,33,Vector Streaming LOCAL REDISTRIBUTE,30,32,34,30
11,34,Vector Sonic Hash Join,30,64,35,33
11,35,CStore Scan,30,64,-1,34
11,36,Vector Streaming BROADCAST,8,64,37,34
11,37,CStore Scan,8,8,-1,36
11,38,Vector Append,49,1,39,8
11,39,Vector Subquery Scan,49,1,40,38
11,40,Vector Sonic Hash Aggregate,277,1,41,39
11,41,Vector Streaming LOCAL REDISTRIBUTE,277,1,42,40
11,42,Vector Sonic Hash Aggregate,277,32,43,41
11,43,Vector Sonic Hash Join,213,32,44,42
11,44,Vector Streaming LOCAL REDISTRIBUTE,30,32,45,43
11,45,Vector Sonic Hash Join,30,64,46,44
11,46,CStore Scan,30,64,-1,45
11,47,Vector Streaming BROADCAST,8,64,48,45
11,48,CStore Scan,8,8,-1,47
11,49,Vector Streaming LOCAL REDISTRIBUTE,191,32,50,43
11,50,CStore Scan,191,32,-1,49
11,51,Vector Streaming LOCAL REDISTRIBUTE,103,8,52,6
11,52,Vector Append,103,32,53,51
11,53,Vector Subquery Scan,103,32,54,52
11,54,Vector Sonic Hash Aggregate,245,32,55,53
11,55,Vector Streaming LOCAL REDISTRIBUTE,245,32,56,54
11,56,Vector Sonic Hash Aggregate,245,32,57,55
11,57,Vector Sonic Hash Join,213,32,58,56
11,58,Vector Streaming LOCAL REDISTRIBUTE,30,32,59,57
11,59,Vector Sonic Hash Join,30,64,60,58
11,60,CStore Scan,30,64,-1,59
11,61,Vector Streaming BROADCAST,8,64,62,59
11,62,CStore Scan,8,8,-1,61
11,63,Vector Streaming LOCAL REDISTRIBUTE,191,32,64,57
11,64,CStore Scan,191,32,-1,63
12,0,Row Adapter,339,1,1,-1
12,1,Vector Limit,339,1,2,0
12,2,Vector Sort,339,1,3,1
12,3,Vector WindowAgg,339,1,4,2
12,4,Vector Sort,339,1,5,3
12,5,Vector Hash Aggregate,339,1,6,4
12,6,Vector Sonic Hash Join,243,1,7,5
12,7,Vector Streaming LOCAL GATHER,15,1,8,6
12,8,Vector Sonic Hash Join,15,16,9,7
12,9,CStore Scan,19,16,-1,8
12,10,Vector Streaming BROADCAST,4,16,11,8
12,11,CStore Scan,4,8,-1,10
12,12,CStore Scan,236,1,-1,6
13,0,Row Adapter,154,1,1,-1
13,1,Vector Aggregate,154,1,2,0
13,2,Vector Sonic Hash Join,26,1,3,1
13,3,Vector Sonic Hash Join,30,1,4,2
13,4,Vector Streaming LOCAL GATHER,45,1,5,3
13,5,Vector Sonic Hash Join,45,8,6,4
13,6,Vector Streaming LOCAL REDISTRIBUTE,64,8,7,5
13,7,Vector Sonic Hash Join,64,64,8,6
13,8,Vector Sonic Hash Join,64,64,9,7
13,9,CStore Scan,68,64,-1,8
13,10,Vector Streaming BROADCAST,4,64,11,8
13,11,CStore Scan,4,8,-1,10
13,12,Vector Streaming BROADCAST,8,64,13,7
13,13,CStore Scan,8,8,-1,12
13,14,Vector Streaming LOCAL REDISTRIBUTE,27,8,15,5
13,15,CStore Scan,27,32,-1,14
13,16,CStore Scan,7,1,-1,3
13,17,CStore Scan,4,1,-1,2
15,0,Row Adapter,54,1,1,-1
15,1,Vector Limit,54,1,2,0
15,2,Vector Sort,54,1,3,1
15,3,Vector Streaming LOCAL GATHER,54,1,4,2
15,4,Vector Sonic Hash Aggregate,54,8,5,3
15,5,Vector Streaming LOCAL REDISTRIBUTE,54,8,6,4
15,6,Vector Sonic Hash Aggregate,54,8,7,5
15,7,Vector Sonic Hash Join,22,8,8,6
15,8,Vector Streaming LOCAL REDISTRIBUTE,15,8,9,7
15,9,Vector Sonic Hash Join,15,16,10,8
15,10,CStore Scan,19,16,-1,9
15,11,Vector Streaming BROADCAST,4,16,12,9
15,12,CStore Scan,4,8,-1,11
15,13,Vector Streaming LOCAL REDISTRIBUTE,18,8,14,7
15,14,Vector Sonic Hash Join,18,8,15,13
15,15,CStore Scan,8,8,-1,14
15,16,CStore Scan,18,8,-1,14
18,0,Row Adapter,552,1,1,-1
18,1,Vector Limit,552,1,2,0
18,2,Vector Sort,552,1,3,1
18,3,Vector Streaming LOCAL GATHER,552,1,4,2
18,4,Vector Limit,552,8,5,3
18,5,Vector Sort,552,8,6,4
18,6,Vector Hash Aggregate,552,8,7,5
18,7,Vector Streaming LOCAL REDISTRIBUTE,328,8,8,6
18,8,Vector Sort Aggregate,328,32,9,7
18,9,Vector Sort,104,32,10,8
18,10,Vector Sonic Hash Join,104,32,11,9
18,11,Vector Streaming LOCAL REDISTRIBUTE,73,32,12,10
18,12,Vector Sonic Hash Join,73,32,13,11
18,13,Vector Streaming LOCAL REDISTRIBUTE,60,32,14,12
18,14,Vector Sonic Hash Join,60,32,15,13
18,15,Vector Sonic Hash Join,64,32,16,14
18,16,CStore Scan,64,32,-1,15
18,17,Vector Streaming BROADCAST,8,32,18,15
18,18,CStore Scan,8,8,-1,17
18,19,Vector Streaming BROADCAST,4,32,20,14
18,20,CStore Scan,4,8,-1,19
18,21,Vector Streaming LOCAL REDISTRIBUTE,21,32,22,12
18,22,CStore Scan,21,8,-1,21
18,23,Vector Streaming LOCAL REDISTRIBUTE,39,32,24,10
18,24,Vector Sonic Hash Join,39,8,25,23
18,25,Vector Sonic Hash Join,43,8,26,24
18,26,Vector Streaming LOCAL GATHER,16,8,27,25
18,27,CStore Scan,16,24,-1,26
18,28,CStore Scan,35,8,-1,25
18,29,CStore Scan,4,8,-1,24
19,0,Row Adapter,153,1,1,-1
19,1,Vector Limit,153,1,2,0
19,2,Vector Sort,153,1,3,1
19,3,Vector Sonic Hash Aggregate,153,1,4,2
19,4,Vector Sonic Hash Join,121,1,5,3
19,5,Vector Sonic Hash Join,136,1,6,4
19,6,Vector Sonic Hash Join,129,1,7,5
19,7,Vector Streaming LOCAL GATHER,129,1,8,6
19,8,Vector Sonic Hash Join,129,64,9,7
19,9,Vector Sonic Hash Join,23,64,10,8
19,10,CStore Scan,27,64,-1,9
19,11,Vector Streaming BROADCAST,4,64,12,9
19,12,CStore Scan,4,8,-1,11
19,13,Vector Streaming BROADCAST,114,64,14,8
19,14,CStore Scan,114,8,-1,13
19,15,CStore Scan,8,1,-1,6
19,16,CStore Scan,15,1,-1,5
19,17,CStore Scan,15,1,-1,4
20,0,Row Adapter,339,1,1,-1
20,1,Vector Limit,339,1,2,0
20,2,Vector Sort,339,1,3,1
20,3,Vector Streaming LOCAL GATHER,339,1,4,2
20,4,Vector Limit,339,8,5,3
20,5,Vector Sort,339,8,6,4
20,6,Vector WindowAgg,339,8,7,5
20,7,Vector Sort,339,8,8,6
20,8,Vector Streaming LOCAL REDISTRIBUTE,339,8,9,7
20,9,Vector Sonic Hash Aggregate,339,8,10,8
20,10,Vector Streaming LOCAL REDISTRIBUTE,339,8,11,9
20,11,Vector Sonic Hash Aggregate,339,8,12,10
20,12,Vector Sonic Hash Join,243,8,13,11
20,13,Vector Streaming LOCAL REDISTRIBUTE,15,8,14,12
20,14,Vector Sonic Hash Join,15,16,15,13
20,15,CStore Scan,19,16,-1,14
20,16,Vector Streaming BROADCAST,4,16,17,14
20,17,CStore Scan,4,8,-1,16
20,18,Vector Streaming LOCAL REDISTRIBUTE,236,8,19,12
20,19,CStore Scan,236,8,-1,18
22,0,Row Adapter,272,1,1,-1
22,1,Vector Limit,272,1,2,0
22,2,Vector Sort,272,1,3,1
22,3,Vector Streaming LOCAL GATHER,272,1,4,2
22,4,Vector Limit,272,8,5,3
22,5,Vector Sort,272,8,6,4
22,6,Vector Hash Aggregate,272,8,7,5
22,7,Vector Streaming LOCAL REDISTRIBUTE,240,8,8,6
22,8,Vector Sort Aggregate,240,10,9,7
22,9,Vector Sort,208,10,10,8
22,10,Vector Sonic Hash Join,208,10,11,9
22,11,Vector Sonic Hash Join,212,10,12,10
22,12,Vector Streaming LOCAL REDISTRIBUTE,12,10,13,11
22,13,CStore Scan,12,64,-1,12
22,14,Vector Streaming LOCAL REDISTRIBUTE,208,10,15,11
22,15,CStore Scan,208,32,-1,14
22,16,Vector Streaming BROADCAST,4,10,17,10
22,17,CStore Scan,4,32,-1,16
25,0,Row Adapter,269,1,1,-1
25,1,Vector Limit,269,1,2,0
25,2,Vector Sort Aggregate,269,1,3,1
25,3,Vector Sort,173,1,4,2
25,4,Vector Nest Loop,173,1,5,3
25,5,Vector Nest Loop,66,1,6,4
25,6,Vector Nest Loop,70,1,7,5
25,7,Vector Nest Loop,74,1,8,6
25,8,Vector Streaming LOCAL GATHER,63,1,9,7
25,9,Vector Sonic Hash Join,63,18,10,8
25,10,Vector Streaming LOCAL REDISTRIBUTE,44,18,11,9
25,11,Vector Sonic Hash Join,44,32,12,10
25,12,Vector Sonic Hash Join,27,32,13,11
25,13,CStore Scan,31,32,-1,12
25,14,Vector Streaming BROADCAST,4,32,15,12
25,15,CStore Scan,4,8,-1,14
25,16,Vector Streaming BROADCAST,25,32,17,11
25,17,CStore Scan,25,8,-1,16
25,18,Vector Streaming LOCAL REDISTRIBUTE,27,18,19,9
25,19,CStore Scan,27,32,-1,18
25,20,CStore Index Scan,23,1,-1,7
25,21,CStore Index Scan,4,1,-1,6
25,22,CStore Index Scan,4,1,-1,5
25,23,CStore Index Scan,123,1,-1,4
26,0,Row Adapter,182,1,1,-1
26,1,Vector Limit,182,1,2,0
26,2,Vector Sort,182,1,3,1
26,3,Vector Streaming LOCAL GATHER,182,1,4,2
26,4,Vector Limit,182,8,5,3
26,5,Vector Sort,182,8,6,4
26,6,Vector Sonic Hash Aggregate,182,8,7,5
26,7,Vector Streaming LOCAL REDISTRIBUTE,182,8,8,6
26,8,Vector Sonic Hash Aggregate,182,8,9,7
26,9,Vector Sonic Hash Join,54,8,10,8
26,10,Vector Streaming LOCAL REDISTRIBUTE,41,8,11,9
26,11,Vector Sonic Hash Join,41,10,12,10
26,12,Vector Sonic Hash Join,45,10,13,11
26,13,Vector Sonic Hash Join,49,10,14,12
26,14,CStore Scan,53,10,-1,13
26,15,Vector Streaming BROADCAST,4,10,16,13
26,16,CStore Scan,4,8,-1,15
26,17,Vector Streaming BROADCAST,4,10,18,12
26,18,CStore Scan,4,8,-1,17
26,19,Vector Streaming BROADCAST,4,10,20,11
26,20,CStore Scan,4,8,-1,19
26,21,Vector Streaming LOCAL REDISTRIBUTE,21,8,22,9
26,22,CStore Scan,21,8,-1,21
27,0,Row Adapter,313,1,1,-1
27,1,Vector Limit,313,1,2,0
27,2,Vector Sort,313,1,3,1
27,3,Vector Streaming LOCAL GATHER,313,1,4,2
27,4,Vector Limit,313,8,5,3
27,5,Vector Sort,313,8,6,4
27,6,Vector Hash Aggregate,313,8,7,5
27,7,Vector Streaming LOCAL REDISTRIBUTE,185,8,8,6
27,8,Vector Sort Aggregate,185,8,9,7
27,9,Vector Sort,57,8,10,8
27,10,Vector Sonic Hash Join,57,8,11,9
27,11,Vector Sonic Hash Join,58,8,12,10
27,12,Vector Streaming LOCAL REDISTRIBUTE,45,8,13,11
27,13,Vector Sonic Hash Join,45,12,14,12
27,14,Vector Sonic Hash Join,49,12,15,13
27,15,CStore Scan,53,12,-1,14
27,16,Vector Streaming BROADCAST,4,12,17,14
27,17,CStore Scan,4,8,-1,16
27,18,Vector Streaming BROADCAST,4,12,19,13
27,19,CStore Scan,4,8,-1,18
27,20,Vector Streaming LOCAL REDISTRIBUTE,21,8,21,11
27,21,CStore Scan,21,8,-1,20
27,22,Vector Streaming BROADCAST,7,8,23,10
27,23,CStore Scan,7,8,-1,22
28,0,Row Adapter,288,1,1,-1
28,1,Vector Limit,288,1,2,0
28,2,Vector Nest Loop,288,1,3,1
28,3,Vector Nest Loop,240,1,4,2
28,4,Vector Nest Loop,192,1,5,3
28,5,Vector Nest Loop,144,1,6,4
28,6,Vector Nest Loop,96,1,7,5
28,7,Vector Aggregate,107,1,8,6
28,8,Vector Streaming BROADCAST,107,1,9,7
28,9,Vector Aggregate,107,30,10,8
28,10,Vector Sonic Hash Aggregate,59,30,11,9
28,11,Vector Streaming LOCAL REDISTRIBUTE,59,30,12,10
28,12,Vector Sonic Hash Aggregate,59,30,13,11
28,13,CStore Scan,11,30,-1,12
28,14,Vector Materialize,48,1,15,6
28,15,Vector Aggregate,107,1,16,14
28,16,Vector Streaming BROADCAST,107,1,17,15
28,17,Vector Aggregate,107,20,18,16
28,18,Vector Sonic Hash Aggregate,59,20,19,17
28,19,Vector Streaming LOCAL REDISTRIBUTE,59,20,20,18
28,20,Vector Sonic Hash Aggregate,59,30,21,19
28,21,CStore Scan,11,30,-1,20
28,22,Vector Materialize,48,1,23,5
28,23,Vector Aggregate,107,1,24,22
28,24,Vector Streaming BROADCAST,107,1,25,23
28,25,Vector Aggregate,107,28,26,24
28,26,Vector Sonic Hash Aggregate,59,28,27,25
28,27,Vector Streaming LOCAL REDISTRIBUTE,59,28,28,26
28,28,Vector Sonic Hash Aggregate,59,30,29,27
28,29,CStore Scan,11,30,-1,28
28,30,Vector Materialize,48,1,31,4
28,31,Vector Aggregate,107,1,32,30
28,32,Vector Streaming BROADCAST,107,1,33,31
28,33,Vector Aggregate,107,24,34,32
28,34,Vector Sonic Hash Aggregate,59,24,35,33
28,35,Vector Streaming LOCAL REDISTRIBUTE,59,24,36,34
28,36,Vector Sonic Hash Aggregate,59,30,37,35
28,37,CStore Scan,11,30,-1,36
28,38,Vector Materialize,48,1,39,3
28,39,Vector Aggregate,107,1,40,38
28,40,Vector Streaming BROADCAST,107,1,41,39
28,41,Vector Aggregate,107,24,42,40
28,42,Vector Sonic Hash Aggregate,59,24,43,41
28,43,Vector Streaming LOCAL REDISTRIBUTE,59,24,44,42
28,44,Vector Sonic Hash Aggregate,59,30,45,43
28,45,CStore Scan,11,30,-1,44
28,46,Vector Materialize,48,1,47,2
28,47,Vector Aggregate,107,1,48,46
28,48,Vector Streaming BROADCAST,107,1,49,47
28,49,Vector Aggregate,107,20,50,48
28,50,Vector Sonic Hash Aggregate,59,20,51,49
28,51,Vector Streaming LOCAL REDISTRIBUTE,59,20,52,50
28,52,Vector Sonic Hash Aggregate,59,30,53,51
28,53,CStore Scan,11,30,-1,52
29,0,Row Adapter,164,1,1,-1
29,1,Vector Limit,164,1,2,0
29,2,Vector Sort Aggregate,164,1,3,1
29,3,Vector Sort,152,1,4,2
29,4,Vector Nest Loop,152,1,5,3
29,5,Vector Nest Loop,45,1,6,4
29,6,Vector Nest Loop,49,1,7,5
29,7,Vector Nest Loop,53,1,8,6
29,8,Vector Streaming LOCAL GATHER,49,1,9,7
29,9,Vector Sonic Hash Join,49,18,10,8
29,10,Vector Streaming LOCAL REDISTRIBUTE,37,18,11,9
29,11,Vector Sonic Hash Join,37,32,12,10
29,12,Vector Sonic Hash Join,20,32,13,11
29,13,CStore Scan,24,32,-1,12
29,14,Vector Streaming BROADCAST,4,32,15,12
29,15,CStore Scan,4,8,-1,14
29,16,Vector Streaming BROADCAST,25,32,17,11
29,17,CStore Scan,25,8,-1,16
29,18,Vector Streaming LOCAL REDISTRIBUTE,20,18,19,9
29,19,CStore Scan,20,32,-1,18
29,20,CStore Index Scan,16,1,-1,7
29,21,CStore Index Scan,4,1,-1,6
29,22,CStore Index Scan,4,1,-1,5
29,23,CStore Index Scan,123,1,-1,4
31,0,Row Adapter,210,1,1,-1
31,1,Vector Sort,210,1,2,0
31,2,Vector Streaming LOCAL GATHER,210,1,3,1
31,3,Vector Sonic Hash Join,210,8,4,2
31,4,Vector Streaming LOCAL REDISTRIBUTE,234,8,5,3
31,5,Vector Sonic Hash Join,234,8,6,4
31,6,Vector Streaming LOCAL REDISTRIBUTE,188,8,7,5
31,7,Vector Sonic Hash Join,188,8,8,6
31,8,Vector Streaming LOCAL REDISTRIBUTE,96,8,9,7
31,9,Vector Sonic Hash Join,96,8,10,8
31,10,Vector Sonic Hash Aggregate,65,8,11,9
31,11,Vector Streaming LOCAL REDISTRIBUTE,65,8,12,10
31,12,Vector Sonic Hash Aggregate,65,8,13,11
31,13,Vector Sonic Hash Join,33,8,14,12
31,14,Vector Streaming LOCAL REDISTRIBUTE,23,8,15,13
31,15,Vector Sonic Hash Join,23,30,16,14
31,16,CStore Scan,19,30,-1,15
31,17,Vector Streaming BROADCAST,12,30,18,15
31,18,CStore Scan,12,8,-1,17
31,19,Vector Streaming LOCAL REDISTRIBUTE,18,8,20,13
31,20,CStore Scan,18,32,-1,19
31,21,Vector Subquery Scan,46,8,22,9
31,22,Vector Sonic Hash Aggregate,65,8,23,21
31,23,Vector Streaming LOCAL REDISTRIBUTE,65,8,24,22
31,24,Vector Sonic Hash Aggregate,65,8,25,23
31,25,Vector Sonic Hash Join,33,8,26,24
31,26,Vector Streaming LOCAL REDISTRIBUTE,23,8,27,25
31,27,Vector Sonic Hash Join,23,30,28,26
31,28,CStore Scan,19,30,-1,27
31,29,Vector Streaming BROADCAST,12,30,30,27
31,30,CStore Scan,12,8,-1,29
31,31,Vector Streaming LOCAL REDISTRIBUTE,18,8,32,25
31,32,CStore Scan,18,8,-1,31
31,33,Vector Streaming LOCAL REDISTRIBUTE,92,8,34,7
31,34,Vector Sonic Hash Join,92,8,35,33
31,35,Vector Streaming LOCAL GATHER,46,8,36,34
31,36,Vector Subquery Scan,46,32,37,35
31,37,Vector Sonic Hash Aggregate,65,32,38,36
31,38,Vector Streaming LOCAL REDISTRIBUTE,65,32,39,37
31,39,Vector Sonic Hash Aggregate,65,32,40,38
31,40,Vector Sonic Hash Join,33,32,41,39
31,41,Vector Streaming LOCAL REDISTRIBUTE,23,32,42,40
31,42,Vector Sonic Hash Join,23,32,43,41
31,43,CStore Scan,19,32,-1,42
31,44,Vector Streaming BROADCAST,12,32,45,42
31,45,CStore Scan,12,8,-1,44
31,46,Vector Streaming LOCAL REDISTRIBUTE,18,32,47,40
31,47,CStore Scan,18,32,-1,46
31,48,Vector Subquery Scan,46,8,49,34
31,49,Vector Sonic Hash Aggregate,65,8,50,48
31,50,Vector Sonic Hash Join,33,8,51,49
31,51,Vector Streaming LOCAL GATHER,23,8,52,50
31,52,Vector Sonic Hash Join,23,64,53,51
31,53,CStore Scan,19,64,-1,52
31,54,Vector Streaming BROADCAST,12,64,55,52
31,55,CStore Scan,12,8,-1,54
31,56,CStore Scan,18,8,-1,50
31,57,Vector Streaming LOCAL REDISTRIBUTE,46,8,58,5
31,58,Vector Subquery Scan,46,8,59,57
31,59,Vector Sonic Hash Aggregate,65,8,60,58
31,60,Vector Sonic Hash Join,33,8,61,59
31,61,Vector Streaming LOCAL GATHER,23,8,62,60
31,62,Vector Sonic Hash Join,23,64,63,61
31,63,CStore Scan,19,64,-1,62
31,64,Vector Streaming BROADCAST,12,64,65,62
31,65,CStore Scan,12,8,-1,64
31,66,CStore Scan,18,8,-1,60
31,67,Vector Streaming LOCAL REDISTRIBUTE,46,8,68,3
31,68,Vector Subquery Scan,46,8,69,67
31,69,Vector Sonic Hash Aggregate,65,8,70,68
31,70,Vector Sonic Hash Join,33,8,71,69
31,71,Vector Streaming LOCAL GATHER,23,8,72,70
31,72,Vector Sonic Hash Join,23,64,73,71
31,73,CStore Scan,19,64,-1,72
31,74,Vector Streaming BROADCAST,12,64,75,72
31,75,CStore Scan,12,8,-1,74
31,76,CStore Scan,18,8,-1,70
34,0,Row Adapter,77,1,1,-1
34,1,Vector Sort,77,1,2,0
34,2,Vector Sonic Hash Join,77,1,3,1
34,3,Vector Streaming LOCAL GATHER,16,1,4,2
34,4,Vector Subquery Scan,16,8,5,3
34,5,Vector Sonic Hash Aggregate,32,8,6,4
34,6,Vector Streaming LOCAL REDISTRIBUTE,8,8,7,5
34,7,Vector Sonic Hash Join,8,10,8,6
34,8,Vector Sonic Hash Join,12,10,9,7
34,9,Vector Sonic Hash Join,16,10,10,8
34,10,CStore Scan,20,10,-1,9
34,11,Vector Streaming BROADCAST,4,10,12,9
34,12,CStore Scan,4,8,-1,11
34,13,Vector Streaming BROADCAST,4,10,14,8
34,14,CStore Scan,4,8,-1,13
34,15,Vector Streaming BROADCAST,4,10,16,7
34,16,CStore Scan,4,8,-1,15
34,17,CStore Scan,69,1,-1,2
35,0,Row Adapter,175,1,1,-1
35,1,Vector Limit,175,1,2,0
35,2,Vector Sort Aggregate,175,1,3,1
35,3,Vector Sort,19,1,4,2
35,4,Vector Sonic Hash Join,19,1,5,3
35,5,Vector Hash Join,20,1,6,4
35,6,Vector Streaming LOCAL GATHER,4,1,7,5
35,7,Vector Sonic Hash Aggregate,4,8,8,6
35,8,Vector Streaming LOCAL REDISTRIBUTE,4,8,9,7
35,9,Vector Sonic Hash Aggregate,4,10,10,8
35,10,Vector Sonic Hash Join,4,10,11,9
35,11,CStore Scan,8,10,-1,10
35,12,Vector Streaming BROADCAST,4,10,13,10
35,13,CStore Scan,4,8,-1,12
35,14,Vector Hash Join,28,1,15,5
35,15,Vector Streaming LOCAL GATHER,4,1,16,14
35,16,Vector Sonic Hash Aggregate,4,8,17,15
35,17,Vector Streaming LOCAL REDISTRIBUTE,4,8,18,16
35,18,Vector Sonic Hash Aggregate,4,8,19,17
35,19,Vector Sonic Hash Join,4,8,20,18
35,20,CStore Scan,8,8,-1,19
35,21,Vector Streaming BROADCAST,4,8,22,19
35,22,CStore Scan,4,8,-1,21
35,23,Vector Sonic Hash Join,24,1,24,14
35,24,Vector Sonic Hash Join,12,1,25,23
35,25,Vector Sonic Hash Aggregate,4,1,26,24
35,26,Vector Streaming LOCAL GATHER,4,1,27,25
35,27,Vector Sonic Hash Aggregate,4,32,28,26
35,28,Vector Sonic Hash Join,4,32,29,27
35,29,CStore Scan,8,32,-1,28
35,30,Vector Streaming BROADCAST,4,32,31,28
35,31,CStore Scan,4,8,-1,30
35,32,CStore Scan,12,1,-1,24
35,33,CStore Scan,20,1,-1,23
35,34,CStore Scan,7,1,-1,4
36,0,Row Adapter,252,1,1,-1
36,1,Vector Limit,252,1,2,0
36,2,Vector Sort,252,1,3,1
36,3,Vector Streaming LOCAL GATHER,252,1,4,2
36,4,Vector WindowAgg,252,8,5,3
36,5,Vector Sort,252,8,6,4
36,6,Vector Streaming LOCAL REDISTRIBUTE,252,8,7,5
36,7,Vector Hash Aggregate,252,8,8,6
36,8,Vector Streaming LOCAL REDISTRIBUTE,188,8,9,7
36,9,Vector Sort Aggregate,188,8,10,8
36,10,Vector Sort,124,8,11,9
36,11,Vector Sonic Hash Join,124,8,12,10
36,12,Vector Streaming LOCAL REDISTRIBUTE,26,8,13,11
36,13,Vector Sonic Hash Join,26,64,14,12
36,14,Vector Sonic Hash Join,30,64,15,13
36,15,CStore Scan,34,64,-1,14
36,16,Vector Streaming BROADCAST,4,64,17,14
36,17,CStore Scan,4,8,-1,16
36,18,Vector Streaming BROADCAST,4,64,19,13
36,19,CStore Scan,4,8,-1,18
36,20,Vector Streaming LOCAL REDISTRIBUTE,106,8,21,11
36,21,CStore Scan,106,32,-1,20
37,0,Row Adapter,130,1,1,-1
37,1,Vector Limit,130,1,2,0
37,2,Vector Sort,130,1,3,1
37,3,Vector Streaming LOCAL GATHER,130,1,4,2
37,4,Vector Sonic Hash Aggregate,130,8,5,3
37,5,Vector Streaming LOCAL REDISTRIBUTE,130,8,6,4
37,6,Vector Sonic Hash Aggregate,130,16,7,5
37,7,Vector Sonic Hash Join,130,16,8,6
37,8,CStore Scan,4,16,-1,7
37,9,Vector Streaming BROADCAST,138,16,10,7
37,10,Vector Sonic Hash Join,138,1,11,9
37,11,Vector Nest Loop,142,1,12,10
37,12,CStore Scan,134,1,-1,11
37,13,CStore Index Scan,8,1,-1,11
37,14,CStore Scan,4,1,-1,10
38,0,Row Adapter,8,1,1,-1
38,1,Vector Limit,8,1,2,0
38,2,Vector Aggregate,8,1,3,1
38,3,Vector Streaming LOCAL GATHER,8,1,4,2
38,4,Vector Aggregate,8,8,5,3
38,5,Vector Subquery Scan,0,8,6,4
38,6,Vector SetOp,60,8,7,5
38,7,Vector Append,60,8,8,6
38,8,Vector Subquery Scan,60,8,9,7
38,9,Vector Sonic Hash Aggregate,60,8,10,8
38,10,Vector Streaming LOCAL REDISTRIBUTE,60,8,11,9
38,11,Vector Sonic Hash Join,60,32,12,10
38,12,Vector Streaming LOCAL REDISTRIBUTE,56,32,13,11
38,13,CStore Scan,56,32,-1,12
38,14,Vector Streaming LOCAL REDISTRIBUTE,12,32,15,11
38,15,Vector Sonic Hash Join,12,32,16,14
38,16,CStore Scan,8,32,-1,15
38,17,Vector Streaming BROADCAST,12,32,18,15
38,18,CStore Scan,12,8,-1,17
38,19,Vector Result,60,8,20,7
38,20,Vector SetOp,60,8,21,19
38,21,Vector Append,60,8,22,20
38,22,Vector Subquery Scan,60,8,23,21
38,23,Vector Sonic Hash Aggregate,60,8,24,22
38,24,Vector Streaming LOCAL REDISTRIBUTE,60,8,25,23
38,25,Vector Sonic Hash Join,60,64,26,24
38,26,Vector Streaming LOCAL REDISTRIBUTE,12,64,27,25
38,27,Vector Sonic Hash Join,12,96,28,26
38,28,CStore Scan,8,96,-1,27
38,29,Vector Streaming BROADCAST,12,96,30,27
38,30,CStore Scan,12,8,-1,29
38,31,Vector Streaming LOCAL REDISTRIBUTE,56,64,32,25
38,32,CStore Scan,56,32,-1,31
38,33,Vector Subquery Scan,60,8,34,21
38,34,Vector Sonic Hash Aggregate,60,8,35,33
38,35,Vector Streaming LOCAL REDISTRIBUTE,60,8,36,34
38,36,Vector Sonic Hash Join,60,64,37,35
38,37,Vector Streaming LOCAL REDISTRIBUTE,12,64,38,36
38,38,Vector Sonic Hash Join,12,64,39,37
38,39,CStore Scan,8,64,-1,38
38,40,Vector Streaming BROADCAST,12,64,41,38
38,41,CStore Scan,12,8,-1,40
38,42,Vector Streaming LOCAL REDISTRIBUTE,56,64,43,36
38,43,CStore Scan,56,32,-1,42
39,0,Row Adapter,152,1,1,-1
39,1,Vector Sort,152,1,2,0
39,2,Vector Sonic Hash Join,152,1,3,1
39,3,Vector Streaming LOCAL GATHER,76,1,4,2
39,4,Vector Subquery Scan,76,8,5,3
39,5,Vector Hash Aggregate,193,8,6,4
39,6,Vector Sonic Hash Join,33,8,7,5
39,7,Vector Streaming LOCAL REDISTRIBUTE,33,8,8,6
39,8,Vector Sonic Hash Join,33,64,9,7
39,9,Vector Sonic Hash Join,16,64,10,8
39,10,CStore Scan,16,64,-1,9
39,11,Vector Streaming BROADCAST,8,64,12,9
39,12,CStore Scan,8,8,-1,11
39,13,Vector Streaming BROADCAST,21,64,14,8
39,14,CStore Scan,21,8,-1,13
39,15,Vector Streaming LOCAL REDISTRIBUTE,4,8,16,6
39,16,CStore Scan,4,32,-1,15
39,17,Vector Streaming LOCAL GATHER,76,1,18,2
39,18,Vector Subquery Scan,76,8,19,17
39,19,Vector Hash Aggregate,193,8,20,18
39,20,Vector Sonic Hash Join,33,8,21,19
39,21,Vector Streaming LOCAL REDISTRIBUTE,33,8,22,20
39,22,Vector Sonic Hash Join,33,64,23,21
39,23,Vector Sonic Hash Join,16,64,24,22
39,24,CStore Scan,16,64,-1,23
39,25,Vector Streaming BROADCAST,8,64,26,23
39,26,CStore Scan,8,8,-1,25
39,27,Vector Streaming BROADCAST,21,64,28,22
39,28,CStore Scan,21,8,-1,27
39,29,Vector Streaming LOCAL REDISTRIBUTE,4,8,30,20
39,30,CStore Scan,4,32,-1,29
41,0,Row Adapter,102,1,1,-1
41,1,Vector Limit,102,1,2,0
41,2,Vector Unique,102,1,3,1
41,3,Vector Sort,102,1,4,2
41,4,CStore Scan,102,1,5,3
41,5,Row Adapter,59,1,6,4
41,6,Vector Aggregate,59,1,7,5
41,7,CStore Scan,51,1,-1,6
43,0,Row Adapter,266,1,1,-1
43,1,Vector Limit,266,1,2,0
43,2,Vector Sort,266,1,3,1
43,3,Vector Streaming LOCAL GATHER,266,1,4,2
43,4,Vector Hash Aggregate,266,8,5,3
43,5,Vector Streaming LOCAL REDISTRIBUTE,266,8,6,4
43,6,Vector Hash Aggregate,266,10,7,5
43,7,Vector Sonic Hash Join,42,10,8,6
43,8,Vector Sonic Hash Join,25,10,9,7
43,9,CStore Scan,19,10,-1,8
43,10,Vector Streaming BROADCAST,14,10,11,8
43,11,CStore Scan,14,8,-1,10
43,12,Vector Streaming BROADCAST,25,10,13,7
43,13,CStore Scan,25,8,-1,12
44,0,Row Adapter,110,1,1,-1
44,1,Vector Limit,110,1,2,0
44,2,Vector Sort,110,1,3,1
44,3,Vector Nest Loop,110,1,4,2
44,4,Vector Sonic Hash Join,63,1,5,3
44,5,Vector Nest Loop,59,1,6,4
44,6,Vector Subquery Scan,12,1,7,5
44,7,Vector WindowAgg,36,1,8,6
44,8,Vector Sort,36,1,9,7
44,9,Vector Subquery Scan,36,1,10,8
44,10,Vector Hash Aggregate,79,1,14,9
44,11,Row Adapter,47,1,12,-1
44,12,Vector Sort Aggregate,47,1,13,11
44,13,CStore Scan,15,1,-1,12
44,14,Vector Streaming LOCAL REDISTRIBUTE,79,1,15,10
44,15,Vector Hash Aggregate,79,16,16,14
44,16,CStore Scan,15,16,-1,15
44,17,CStore Index Scan,55,1,-1,5
44,18,Vector Subquery Scan,12,1,19,4
44,19,Vector WindowAgg,36,1,20,18
44,20,Vector Sort,36,1,21,19
44,21,Vector Subquery Scan,36,1,22,20
44,22,Vector Hash Aggregate,79,1,26,21
44,23,Row Adapter,47,1,24,-1
44,24,Vector Sort Aggregate,47,1,25,23
44,25,CStore Scan,15,1,-1,24
44,26,Vector Streaming LOCAL REDISTRIBUTE,79,1,27,22
44,27,Vector Hash Aggregate,79,16,28,26
44,28,CStore Scan,15,16,-1,27
44,29,CStore Index Scan,55,1,-1,3
45,0,Row Adapter,68,1,1,-1
45,1,Vector Limit,68,1,2,0
45,2,Vector Sort,68,1,3,1
45,3,Vector Sonic Hash Aggregate,68,1,4,2
45,4,Vector Hash Join,36,1,5,3
45,5,Vector Sonic Hash Join,53,1,6,4
45,6,Vector Sonic Hash Join,40,1,7,5
45,7,Vector Streaming LOCAL GATHER,19,1,8,6
45,8,Vector Sonic Hash Join,19,16,9,7
45,9,CStore Scan,23,16,-1,8
45,10,Vector Streaming BROADCAST,4,16,11,8
45,11,CStore Scan,4,8,-1,10
45,12,Vector Sonic Hash Join,29,1,13,6
45,13,CStore Scan,8,1,-1,12
45,14,CStore Scan,29,1,-1,12
45,15,CStore Scan,21,1,-1,5
45,16,Vector Group,17,1,17,4
45,17,Vector Sort,17,1,18,16
45,18,Vector Nest Loop,17,1,19,17
45,19,Vector Sonic Hash Aggregate,4,1,20,18
45,20,Vector Adapter,4,1,21,19
45,21,Values Scan,4,1,-1,20
45,22,CStore Index Scan,21,1,-1,18
46,0,Row Adapter,138,1,1,-1
46,1,Vector Limit,138,1,2,0
46,2,Vector Sort,138,1,3,1
46,3,Vector Streaming LOCAL GATHER,138,1,4,2
46,4,Vector Limit,138,8,5,3
46,5,Vector Sort,138,8,6,4
46,6,Vector Sonic Hash Join,138,8,7,5
46,7,Vector Streaming LOCAL REDISTRIBUTE,81,8,8,6
46,8,Vector Subquery Scan,81,8,9,7
46,9,Vector Sonic Hash Aggregate,107,8,10,8
46,10,Vector Sonic Hash Join,43,8,11,9
46,11,Vector Streaming LOCAL REDISTRIBUTE,34,8,12,10
46,12,Vector Sonic Hash Join,34,32,13,11
46,13,Vector Sonic Hash Join,38,32,14,12
46,14,Vector Sonic Hash Join,42,32,15,13
46,15,CStore Scan,46,32,-1,14
46,16,Vector Streaming BROADCAST,4,32,17,14
46,17,CStore Scan,4,8,-1,16
46,18,Vector Streaming BROADCAST,4,32,19,13
46,19,CStore Scan,4,8,-1,18
46,20,Vector Streaming BROADCAST,4,32,21,12
46,21,CStore Scan,4,8,-1,20
46,22,Vector Streaming LOCAL REDISTRIBUTE,13,8,23,10
46,23,CStore Scan,13,8,-1,22
46,24,Vector Streaming LOCAL REDISTRIBUTE,65,8,25,6
46,25,Vector Sonic Hash Join,65,8,26,24
46,26,CStore Scan,60,8,-1,25
46,27,CStore Scan,13,8,-1,25
48,0,Row Adapter,12,1,1,-1
48,1,Vector Aggregate,12,1,2,0
48,2,Vector Sonic Hash Join,4,1,3,1
48,3,Vector Streaming LOCAL GATHER,19,1,4,2
48,4,Vector Sonic Hash Join,19,32,5,3
48,5,Vector Streaming LOCAL REDISTRIBUTE,34,32,6,4
48,6,Vector Sonic Hash Join,34,64,7,5
48,7,Vector Sonic Hash Join,38,64,8,6
48,8,CStore Scan,42,64,-1,7
48,9,Vector Streaming BROADCAST,4,64,10,7
48,10,CStore Scan,4,8,-1,9
48,11,Vector Streaming BROADCAST,4,64,12,6
48,12,CStore Scan,4,8,-1,11
48,13,Vector Streaming LOCAL REDISTRIBUTE,27,32,14,4
48,14,CStore Scan,27,32,-1,13
48,15,CStore Scan,7,1,-1,2
49,0,Row Adapter,84,1,1,-1
49,1,Vector Limit,84,1,2,0
49,2,Vector Sort,84,1,3,1
49,3,Vector Sonic Hash Aggregate,52,1,4,2
49,4,Vector Append,52,1,5,3
49,5,Vector Subquery Scan,52,1,6,4
49,6,Vector WindowAgg,68,1,7,5
49,7,Vector Sort,68,1,8,6
49,8,Vector WindowAgg,68,1,9,7
49,9,Vector Sort,68,1,10,8
49,10,Vector Subquery Scan,68,1,11,9
49,11,Vector Sort Aggregate,114,1,12,10
49,12,Vector Sort,34,1,13,11
49,13,Vector Sonic Hash Join,34,1,14,12
49,14,Vector Streaming LOCAL GATHER,38,1,15,13
49,15,Vector Sonic Hash Join,38,16,16,14
49,16,Vector Streaming BROADCAST,23,16,17,15
49,17,CStore Scan,23,32,-1,16
49,18,CStore Scan,27,16,-1,15
49,19,CStore Scan,4,1,-1,13
49,20,Vector Subquery Scan,52,1,21,4
49,21,Vector WindowAgg,68,1,22,20
49,22,Vector Sort,68,1,23,21
49,23,Vector WindowAgg,68,1,24,22
49,24,Vector Sort,68,1,25,23
49,25,Vector Streaming LOCAL GATHER,68,1,26,24
49,26,Vector Subquery Scan,68,8,27,25
49,27,Vector Sort Aggregate,114,8,28,26
49,28,Vector Sort,114,8,29,27
49,29,Vector Streaming LOCAL REDISTRIBUTE,114,8,30,28
49,30,Vector Sort Aggregate,114,12,31,29
49,31,Vector Sort,34,12,32,30
49,32,Vector Sonic Hash Join,34,12,33,31
49,33,Vector Streaming BROADCAST,23,12,34,32
49,34,CStore Scan,23,32,-1,33
49,35,Vector Sonic Hash Join,23,12,36,32
49,36,CStore Scan,27,12,-1,35
49,37,Vector Streaming BROADCAST,4,12,38,35
49,38,CStore Scan,4,32,-1,37
49,39,Vector Subquery Scan,52,1,40,4
49,40,Vector WindowAgg,68,1,41,39
49,41,Vector Sort,68,1,42,40
49,42,Vector WindowAgg,68,1,43,41
49,43,Vector Sort,68,1,44,42
49,44,Vector Streaming LOCAL GATHER,68,1,45,43
49,45,Vector Subquery Scan,68,8,46,44
49,46,Vector Sort Aggregate,114,8,47,45
49,47,Vector Sort,114,8,48,46
49,48,Vector Streaming LOCAL REDISTRIBUTE,114,8,49,47
49,49,Vector Sort Aggregate,114,10,50,48
49,50,Vector Sort,34,10,51,49
49,51,Vector Sonic Hash Join,34,10,52,50
49,52,Vector Streaming BROADCAST,23,10,53,51
49,53,CStore Scan,23,32,-1,52
49,54,Vector Sonic Hash Join,23,10,55,51
49,55,CStore Scan,27,10,-1,54
49,56,Vector Streaming BROADCAST,4,10,57,54
49,57,CStore Scan,4,32,-1,56
50,0,Row Adapter,134,1,1,-1
50,1,Vector Limit,134,1,2,0
50,2,Vector Sort Aggregate,134,1,3,1
50,3,Vector Sort,94,1,4,2
50,4,Vector Nest Loop,94,1,5,3
50,5,Vector Sonic Hash Join,94,1,6,4
50,6,Vector Streaming LOCAL GATHER,12,1,7,5
50,7,Vector Sonic Hash Join,12,30,8,6
50,8,Vector Streaming LOCAL REDISTRIBUTE,20,30,9,7
50,9,CStore Scan,20,64,-1,8
50,10,Vector Streaming LOCAL REDISTRIBUTE,16,30,11,7
50,11,Vector Sonic Hash Join,16,32,12,10
50,12,CStore Scan,16,32,-1,11
50,13,Vector Streaming BROADCAST,4,32,14,11
50,14,CStore Scan,4,8,-1,13
50,15,CStore Scan,90,1,-1,5
50,16,CStore Index Only Scan,4,1,-1,4
53,0,Row Adapter,68,1,1,-1
53,1,Vector Limit,68,1,2,0
53,2,Vector Sort,68,1,3,1
53,3,Vector Subquery Scan,68,1,4,2
53,4,Vector WindowAgg,83,1,5,3
53,5,Vector Sort,83,1,6,4
53,6,Vector Hash Aggregate,83,1,7,5
53,7,Vector Sonic Hash Join,19,1,8,6
53,8,Vector Sonic Hash Join,23,1,9,7
53,9,Vector Nest Loop,23,1,10,8
53,10,CStore Scan,8,1,-1,9
53,11,CStore Index Scan,23,1,-1,9
53,12,Vector Hash Join,8,1,13,8
53,13,CStore Scan,12,1,-1,12
53,14,Vector Adapter,4,1,15,12
53,15,Values Scan,4,1,-1,14
53,16,CStore Scan,4,1,-1,7
55,0,Row Adapter,98,1,1,-1
55,1,Vector Limit,98,1,2,0
55,2,Vector Sort,98,1,3,1
55,3,Vector Sonic Hash Aggregate,98,1,4,2
55,4,Vector Sonic Hash Join,66,1,5,3
55,5,Vector Streaming LOCAL GATHER,70,1,6,4
55,6,Vector Sonic Hash Join,70,96,7,5
55,7,CStore Scan,19,96,-1,6
55,8,Vector Streaming BROADCAST,59,96,9,6
55,9,CStore Scan,59,8,-1,8
55,10,CStore Scan,4,1,-1,4
58,0,Row Adapter,113,1,1,-1
58,1,Vector Limit,113,1,2,0
58,2,Vector Sort,113,1,3,1
58,3,Vector Sonic Hash Join,113,1,4,2
58,4,Vector Merge Join,98,1,5,3
58,5,Vector Sort,49,1,6,4
58,6,Vector Subquery Scan,49,1,7,5
58,7,Vector Sonic Hash Aggregate,60,1,10,6
58,8,Row Adapter,4,8,9,17
58,9,CStore Scan,4,8,-1,8
58,10,Vector Sonic Hash Join,28,1,11,7
58,11,Vector Streaming LOCAL GATHER,15,1,12,10
58,12,Vector Sonic Hash Join,15,16,13,11
58,13,CStore Scan,19,16,-1,12
58,14,Vector Streaming BROADCAST,4,16,15,12
58,15,Vector Hash Join,4,8,16,14
58,16,CStore Scan,12,8,-1,15
58,17,CStore Scan,12,8,8,15
58,18,CStore Scan,21,1,-1,10
58,19,Vector Sort,49,1,20,4
58,20,Vector Subquery Scan,49,1,21,19
58,21,Vector Sonic Hash Aggregate,60,1,24,20
58,22,Row Adapter,4,8,23,31
58,23,CStore Scan,4,8,-1,22
58,24,Vector Sonic Hash Join,28,1,25,21
58,25,Vector Streaming LOCAL GATHER,15,1,26,24
58,26,Vector Sonic Hash Join,15,16,27,25
58,27,CStore Scan,19,16,-1,26
58,28,Vector Streaming BROADCAST,4,16,29,26
58,29,Vector Hash Join,4,8,30,28
58,30,CStore Scan,12,8,-1,29
58,31,CStore Scan,12,8,22,29
58,32,CStore Scan,21,1,-1,24
58,33,Vector Sonic Hash Aggregate,60,1,36,3
58,34,Row Adapter,4,8,35,43
58,35,CStore Scan,4,8,-1,34
58,36,Vector Sonic Hash Join,28,1,37,33
58,37,Vector Streaming LOCAL GATHER,15,1,38,36
58,38,Vector Sonic Hash Join,15,32,39,37
58,39,CStore Scan,19,32,-1,38
58,40,Vector Streaming BROADCAST,4,32,41,38
58,41,Vector Hash Join,4,8,42,40
58,42,CStore Scan,12,8,-1,41
58,43,CStore Scan,12,8,34,41
58,44,CStore Scan,21,1,-1,36
61,0,Row Adapter,64,1,1,-1
61,1,Vector Limit,64,1,2,0
61,2,Vector Sort,64,1,3,1
61,3,Vector Nest Loop,64,1,4,2
61,4,Vector Aggregate,43,1,5,3
61,5,Vector Sonic Hash Join,11,1,6,4
61,6,Vector Sonic Hash Join,15,1,7,5
61,7,Vector Sonic Hash Join,19,1,8,6
61,8,Vector Sonic Hash Join,23,1,9,7
61,9,Vector Streaming LOCAL GATHER,23,1,10,8
61,10,Vector Sonic Hash Join,23,64,11,9
61,11,Vector Sonic Hash Join,27,64,12,10
61,12,CStore Scan,31,64,-1,11
61,13,Vector Streaming BROADCAST,4,64,14,11
61,14,CStore Scan,4,8,-1,13
61,15,Vector Streaming BROADCAST,4,64,16,10
61,16,CStore Scan,4,8,-1,15
61,17,CStore Scan,8,1,-1,8
61,18,CStore Scan,4,1,-1,7
61,19,CStore Scan,4,1,-1,6
61,20,CStore Scan,4,1,-1,5
61,21,Vector Materialize,32,1,22,3
61,22,Vector Aggregate,43,1,23,21
61,23,Vector Sonic Hash Join,11,1,24,22
61,24,Vector Sonic Hash Join,15,1,25,23
61,25,Vector Sonic Hash Join,19,1,26,24
61,26,Vector Streaming LOCAL GATHER,19,1,27,25
61,27,Vector Sonic Hash Join,19,32,28,26
61,28,Vector Sonic Hash Join,23,32,29,27
61,29,CStore Scan,27,32,-1,28
61,30,Vector Streaming BROADCAST,4,32,31,28
61,31,CStore Scan,4,8,-1,30
61,32,Vector Streaming BROADCAST,4,32,33,27
61,33,CStore Scan,4,8,-1,32
61,34,CStore Scan,8,1,-1,25
61,35,CStore Scan,4,1,-1,24
61,36,CStore Scan,4,1,-1,23
62,0,Row Adapter,103,1,1,-1
62,1,Vector Limit,103,1,2,0
62,2,Vector Sort,103,1,3,1
62,3,Vector Streaming LOCAL GATHER,103,1,4,2
62,4,Vector Hash Aggregate,103,8,5,3
62,5,Vector Streaming LOCAL REDISTRIBUTE,103,8,6,4
62,6,Vector Hash Aggregate,103,10,7,5
62,7,Vector Sonic Hash Join,63,10,8,6
62,8,Vector Sonic Hash Join,36,10,9,7
62,9,Vector Sonic Hash Join,33,10,10,8
62,10,Vector Sonic Hash Join,20,10,11,9
62,11,CStore Scan,20,10,-1,10
62,12,Vector Streaming BROADCAST,4,10,13,10
62,13,CStore Scan,4,8,-1,12
62,14,Vector Streaming BROADCAST,21,10,15,9
62,15,CStore Scan,21,8,-1,14
62,16,Vector Streaming BROADCAST,11,10,17,8
62,17,CStore Scan,11,8,-1,16
62,18,Vector Streaming BROADCAST,35,10,19,7
62,19,CStore Scan,35,8,-1,18
65,0,Row Adapter,211,1,1,-1
65,1,Vector Limit,211,1,2,0
65,2,Vector Sort,211,1,3,1
65,3,Vector Streaming LOCAL GATHER,211,1,4,2
65,4,Vector Limit,211,8,5,3
65,5,Vector Sort,211,8,6,4
65,6,Vector Sonic Hash Join,211,8,7,5
65,7,Vector Streaming LOCAL REDISTRIBUTE,40,8,8,6
65,8,Vector Sonic Hash Join,40,8,9,7
65,9,Vector Streaming LOCAL REDISTRIBUTE,44,8,10,8
65,10,Vector Sonic Hash Join,44,32,11,9
65,11,CStore Scan,8,32,-1,10
65,12,Vector Streaming LOCAL GATHER,36,32,13,10
65,13,Vector Sonic Hash Aggregate,68,8,14,12
65,14,Vector Subquery Scan,36,8,15,13
65,15,Vector Sonic Hash Aggregate,51,8,16,14
65,16,Vector Streaming LOCAL REDISTRIBUTE,19,8,17,15
65,17,Vector Sonic Hash Join,19,64,18,16
65,18,CStore Scan,23,64,-1,17
65,19,Vector Streaming BROADCAST,4,64,20,17
65,20,CStore Scan,4,8,-1,19
65,21,Vector Subquery Scan,40,8,22,8
65,22,Vector Sonic Hash Aggregate,51,8,23,21
65,23,Vector Streaming LOCAL REDISTRIBUTE,19,8,24,22
65,24,Vector Sonic Hash Join,19,64,25,23
65,25,CStore Scan,23,64,-1,24
65,26,Vector Streaming BROADCAST,4,64,27,24
65,27,CStore Scan,4,8,-1,26
65,28,Vector Streaming LOCAL REDISTRIBUTE,179,8,29,6
65,29,CStore Scan,179,8,-1,28
66,0,Row Adapter,2016,1,1,-1
66,1,Vector Limit,2016,1,2,0
66,2,Vector Sort Aggregate,2016,1,3,1
66,3,Vector Sort,864,1,4,2
66,4,Vector Result,864,1,5,3
66,5,Vector Append,864,1,6,4
66,6,Vector Hash Aggregate,862,1,7,5
66,7,Vector Sonic Hash Join,94,1,8,6
66,8,Vector Sonic Hash Join,38,1,9,7
66,9,Vector Streaming LOCAL GATHER,42,1,10,8
66,10,Vector Sonic Hash Join,42,32,11,9
66,11,Vector Sonic Hash Join,38,32,12,10
66,12,CStore Scan,42,32,-1,11
66,13,Vector Streaming BROADCAST,4,32,14,11
66,14,CStore Scan,4,8,-1,13
66,15,Vector Streaming BROADCAST,12,32,16,10
66,16,CStore Scan,12,8,-1,15
66,17,CStore Scan,4,1,-1,8
66,18,CStore Scan,64,1,-1,7
66,19,Vector Streaming LOCAL GATHER,864,1,20,5
66,20,Vector Hash Aggregate,862,32,21,19
66,21,Vector Streaming LOCAL REDISTRIBUTE,862,32,22,20
66,22,Vector Hash Aggregate,862,8,23,21
66,23,Vector Sonic Hash Join,94,8,24,22
66,24,Vector Sonic Hash Join,90,8,25,23
66,25,Vector Streaming LOCAL REDISTRIBUTE,94,8,26,24
66,26,Vector Sonic Hash Join,94,96,27,25
66,27,Vector Sonic Hash Join,38,96,28,26
66,28,CStore Scan,42,96,-1,27
66,29,Vector Streaming BROADCAST,4,96,30,27
66,30,CStore Scan,4,8,-1,29
66,31,Vector Streaming BROADCAST,64,96,32,26
66,32,CStore Scan,64,8,-1,31
66,33,Vector Streaming LOCAL REDISTRIBUTE,4,8,34,24
66,34,CStore Scan,4,32,-1,33
66,35,Vector Streaming BROADCAST,12,8,36,23
66,36,CStore Scan,12,32,-1,35
67,0,Row Adapter,273,1,1,-1
67,1,Vector Limit,273,1,2,0
67,2,Vector Sort,273,1,3,1
67,3,Vector Streaming LOCAL GATHER,273,1,4,2
67,4,Vector Limit,273,8,5,3
67,5,Vector Sort,273,8,6,4
67,6,Vector Subquery Scan,273,8,7,5
67,7,Vector WindowAgg,265,8,8,6
67,8,Vector Sort,265,8,9,7
67,9,Vector Streaming LOCAL REDISTRIBUTE,265,8,10,8
67,10,Vector Result,265,8,11,9
67,11,Vector WindowAgg,265,8,12,10
67,12,Vector Sort,265,8,13,11
67,13,Vector Subquery Scan,265,8,14,12
67,14,Vector Hash Aggregate,312,8,15,13
67,15,Vector Streaming LOCAL REDISTRIBUTE,280,8,16,14
67,16,Vector Sort Aggregate,280,64,17,15
67,17,Vector Sort,248,64,18,16
67,18,Vector Sonic Hash Join,248,64,19,17
67,19,Vector Streaming LOCAL REDISTRIBUTE,48,64,20,18
67,20,Vector Sonic Hash Join,48,64,21,19
67,21,Vector Sonic Hash Join,35,64,22,20
67,22,CStore Scan,27,64,-1,21
67,23,Vector Streaming BROADCAST,16,64,24,21
67,24,CStore Scan,16,8,-1,23
67,25,Vector Streaming BROADCAST,21,64,26,20
67,26,CStore Scan,21,8,-1,25
67,27,Vector Streaming LOCAL REDISTRIBUTE,208,64,28,18
67,28,CStore Scan,208,32,-1,27
68,0,Row Adapter,170,1,1,-1
68,1,Vector Limit,170,1,2,0
68,2,Vector Sort,170,1,3,1
68,3,Vector Sonic Hash Join,170,1,4,2
68,4,Vector Sonic Hash Aggregate,150,1,5,3
68,5,Vector Sonic Hash Join,54,1,6,4
68,6,Vector Sonic Hash Join,45,1,7,5
68,7,Vector Streaming LOCAL GATHER,49,1,8,6
68,8,Vector Sonic Hash Join,49,64,9,7
68,9,Vector Sonic Hash Join,53,64,10,8
68,10,CStore Scan,57,64,-1,9
68,11,Vector Streaming BROADCAST,4,64,12,9
68,12,CStore Scan,4,8,-1,11
68,13,Vector Streaming BROADCAST,4,64,14,8
68,14,CStore Scan,4,8,-1,13
68,15,CStore Scan,4,1,-1,6
68,16,CStore Scan,13,1,-1,5
68,17,Vector Sonic Hash Join,65,1,18,3
68,18,CStore Scan,60,1,-1,17
68,19,CStore Scan,13,1,-1,17
69,0,Row Adapter,64,1,1,-1
69,1,Vector Limit,64,1,2,0
69,2,Vector Sort,64,1,3,1
69,3,Vector Streaming LOCAL GATHER,64,1,4,2
69,4,Vector Sonic Hash Aggregate,64,8,5,3
69,5,Vector Streaming LOCAL REDISTRIBUTE,64,8,6,4
69,6,Vector Sonic Hash Aggregate,64,8,7,5
69,7,Vector Hash Join,40,8,8,6
69,8,Vector Streaming LOCAL REDISTRIBUTE,44,8,9,7
69,9,Vector Sonic Hash Join,44,8,10,8
69,10,CStore Scan,44,8,-1,9
69,11,Vector Sonic Hash Join,8,8,12,9
69,12,Vector Sonic Hash Join,12,8,13,11
69,13,Vector Sonic Hash Aggregate,4,8,14,12
69,14,Vector Streaming LOCAL GATHER,4,8,15,13
69,15,Vector Sonic Hash Aggregate,4,12,16,14
69,16,Vector Sonic Hash Join,4,12,17,15
69,17,CStore Scan,8,12,-1,16
69,18,Vector Streaming BROADCAST,4,12,19,16
69,19,CStore Scan,4,8,-1,18
69,20,Vector Hash Join,12,8,21,12
69,21,Vector Streaming LOCAL GATHER,4,8,22,20
69,22,Vector Sonic Hash Join,4,8,23,21
69,23,CStore Scan,8,8,-1,22
69,24,Vector Streaming BROADCAST,4,8,25,22
69,25,CStore Scan,4,8,-1,24
69,26,CStore Scan,12,8,-1,20
69,27,CStore Scan,4,8,-1,11
69,28,Vector Streaming LOCAL REDISTRIBUTE,4,8,29,7
69,29,Vector Sonic Hash Join,4,28,30,28
69,30,CStore Scan,8,28,-1,29
69,31,Vector Streaming BROADCAST,4,28,32,29
69,32,CStore Scan,4,8,-1,31
70,0,Row Adapter,93,1,1,-1
70,1,Vector Limit,93,1,2,0
70,2,Vector Sort,93,1,3,1
70,3,Vector Streaming LOCAL GATHER,93,1,4,2
70,4,Vector WindowAgg,93,8,5,3
70,5,Vector Sort,93,8,6,4
70,6,Vector Streaming LOCAL REDISTRIBUTE,93,8,7,5
70,7,Vector Hash Aggregate,93,8,8,6
70,8,Vector Streaming LOCAL REDISTRIBUTE,61,8,9,7
70,9,Vector Sort Aggregate,61,10,10,8
70,10,Vector Sort,29,10,11,9
70,11,Vector Sonic Hash Join,29,10,12,10
70,12,Vector Streaming BROADCAST,22,10,13,11
70,13,Vector Sonic Hash Join,22,8,14,12
70,14,CStore Scan,22,8,-1,13
70,15,Vector Streaming LOCAL GATHER,3,8,16,13
70,16,Vector Subquery Scan,3,8,17,15
70,17,Vector WindowAgg,46,8,18,16
70,18,Vector Sort,46,8,19,17
70,19,Vector Streaming LOCAL REDISTRIBUTE,46,8,20,18
70,20,Vector Hash Aggregate,46,8,21,19
70,21,Vector Streaming LOCAL REDISTRIBUTE,46,8,22,20
70,22,Vector Hash Aggregate,46,8,23,21
70,23,Vector Sonic Hash Join,14,8,24,22
70,24,Vector Sonic Hash Join,15,8,25,23
70,25,CStore Scan,19,8,-1,24
70,26,Vector Streaming BROADCAST,4,8,27,24
70,27,CStore Scan,4,8,-1,26
70,28,Vector Streaming BROADCAST,7,8,29,23
70,29,CStore Scan,7,8,-1,28
70,30,Vector Sonic Hash Join,15,10,31,11
70,31,CStore Scan,19,10,-1,30
70,32,Vector Streaming BROADCAST,4,10,33,30
70,33,CStore Scan,4,8,-1,32
71,0,Row Adapter,106,1,1,-1
71,1,Vector Sort,106,1,2,0
71,2,Vector Streaming LOCAL GATHER,106,1,3,1
71,3,Vector Sonic Hash Aggregate,106,8,4,2
71,4,Vector Streaming LOCAL REDISTRIBUTE,106,8,5,3
71,5,Vector Sonic Hash Aggregate,106,24,6,4
71,6,Vector Sonic Hash Join,74,24,7,5
71,7,Vector Sonic Hash Join,23,24,8,6
71,8,Vector Append,19,24,9,7
71,9,Vector Subquery Scan,19,24,10,8
71,10,Vector Sonic Hash Join,23,24,11,9
71,11,CStore Scan,23,24,-1,10
71,12,Vector Streaming BROADCAST,4,24,13,10
71,13,CStore Scan,4,8,-1,12
71,14,Vector Subquery Scan,19,24,15,8
71,15,Vector Sonic Hash Join,23,24,16,14
71,16,CStore Scan,23,24,-1,15
71,17,Vector Streaming BROADCAST,4,24,18,15
71,18,CStore Scan,4,8,-1,17
71,19,Vector Subquery Scan,19,24,20,8
71,20,Vector Sonic Hash Join,23,24,21,19
71,21,CStore Scan,23,24,-1,20
71,22,Vector Streaming BROADCAST,4,24,23,20
71,23,CStore Scan,4,8,-1,22
71,24,Vector Streaming BROADCAST,12,24,25,7
71,25,CStore Scan,12,8,-1,24
71,26,Vector Streaming BROADCAST,59,24,27,6
71,27,CStore Scan,59,8,-1,26
72,0,Row Adapter,151,1,1,-1
72,1,Vector Limit,151,1,2,0
72,2,Vector Sort,151,1,3,1
72,3,Vector Streaming LOCAL GATHER,151,1,4,2
72,4,Vector Limit,151,8,5,3
72,5,Vector Sort,151,8,6,4
72,6,Vector Hash Aggregate,151,8,7,5
72,7,Vector Streaming LOCAL REDISTRIBUTE,127,8,8,6
72,8,Vector Hash Join,127,32,9,7
72,9,Vector Streaming LOCAL REDISTRIBUTE,135,32,10,8
72,10,Vector Hash Join,135,32,11,9
72,11,Vector Sonic Hash Join,135,32,12,10
72,12,Vector Sonic Hash Join,147,32,13,11
72,13,Vector Sonic Hash Join,151,32,14,12
72,14,Vector Sonic Hash Join,138,32,15,13
72,15,Vector Streaming LOCAL GATHER,40,32,16,14
72,16,Vector Sonic Hash Join,40,32,17,15
72,17,Vector Streaming LOCAL REDISTRIBUTE,28,32,18,16
72,18,Vector Sonic Hash Join,28,96,19,17
72,19,CStore Scan,16,96,-1,18
72,20,Vector Streaming BROADCAST,20,96,21,18
72,21,Vector Sonic Hash Join,20,8,22,20
72,22,CStore Scan,8,8,-1,21
72,23,CStore Scan,16,8,-1,21
72,24,Vector Streaming LOCAL REDISTRIBUTE,28,32,25,16
72,25,Vector Sonic Hash Join,28,64,26,24
72,26,CStore Scan,32,64,-1,25
72,27,Vector Streaming BROADCAST,4,64,28,25
72,28,CStore Scan,4,8,-1,27
72,29,CStore Scan,106,32,-1,14
72,30,CStore Scan,21,32,-1,13
72,31,CStore Scan,4,32,-1,12
72,32,CStore Scan,12,32,-1,11
72,33,CStore Scan,4,32,-1,10
72,34,Vector Streaming LOCAL REDISTRIBUTE,8,32,35,8
72,35,CStore Scan,8,32,-1,34
73,0,Row Adapter,77,1,1,-1
73,1,Vector Sort,77,1,2,0
73,2,Vector Sonic Hash Join,77,1,3,1
73,3,Vector Sonic Hash Aggregate,32,1,4,2
73,4,Vector Sonic Hash Join,8,1,5,3
73,5,Vector Streaming LOCAL GATHER,12,1,6,4
73,6,Vector Sonic Hash Join,12,32,7,5
73,7,Vector Sonic Hash Join,16,32,8,6
73,8,CStore Scan,20,32,-1,7
73,9,Vector Streaming BROADCAST,4,32,10,7
73,10,CStore Scan,4,8,-1,9
73,11,Vector Streaming BROADCAST,4,32,12,6
73,12,CStore Scan,4,8,-1,11
73,13,CStore Scan,4,1,-1,4
73,14,CStore Scan,69,1,-1,2
74,0,Row Adapter,69,1,1,-1
74,1,Vector Limit,69,1,2,0
74,2,Vector Sort,69,1,3,1
74,3,Vector Sonic Hash Join,69,1,4,2
74,4,Vector Sonic Hash Join,199,1,5,3
74,5,Vector Sonic Hash Join,150,1,6,4
74,6,Vector Append,49,1,7,5
74,7,Vector Subquery Scan,49,1,8,6
74,8,Vector Sonic Hash Aggregate,148,1,9,7
74,9,Vector Sonic Hash Join,84,1,10,8
74,10,Vector Streaming LOCAL GATHER,19,1,11,9
74,11,Vector Sonic Hash Join,19,96,12,10
74,12,CStore Scan,19,96,-1,11
74,13,Vector Streaming BROADCAST,8,96,14,11
74,14,CStore Scan,8,8,-1,13
74,15,CStore Scan,73,1,-1,9
74,16,Vector Append,101,1,17,5
74,17,Vector Subquery Scan,101,1,18,16
74,18,Vector Sonic Hash Aggregate,116,1,19,17
74,19,Vector Sonic Hash Join,84,1,20,18
74,20,Vector Streaming LOCAL GATHER,19,1,21,19
74,21,Vector Sonic Hash Join,19,96,22,20
74,22,CStore Scan,19,96,-1,21
74,23,Vector Streaming BROADCAST,8,96,24,21
74,24,CStore Scan,8,8,-1,23
74,25,CStore Scan,73,1,-1,19
74,26,Vector Append,49,1,27,4
74,27,Vector Subquery Scan,49,1,28,26
74,28,Vector Sonic Hash Aggregate,148,1,29,27
74,29,Vector Sonic Hash Join,84,1,30,28
74,30,Vector Streaming LOCAL GATHER,19,1,31,29
74,31,Vector Sonic Hash Join,19,32,32,30
74,32,CStore Scan,19,32,-1,31
74,33,Vector Streaming BROADCAST,8,32,34,31
74,34,CStore Scan,8,8,-1,33
74,35,CStore Scan,73,1,-1,29
74,36,Vector Append,49,1,37,3
74,37,Vector Subquery Scan,49,1,38,36
74,38,Vector Sonic Hash Aggregate,116,1,39,37
74,39,Vector Sonic Hash Join,84,1,40,38
74,40,Vector Streaming LOCAL GATHER,19,1,41,39
74,41,Vector Sonic Hash Join,19,32,42,40
74,42,CStore Scan,19,32,-1,41
74,43,Vector Streaming BROADCAST,8,32,44,41
74,44,CStore Scan,8,8,-1,43
74,45,CStore Scan,73,1,-1,39
75,0,Row Adapter,104,1,1,-1
75,1,Vector Limit,104,1,2,0
75,2,Vector Sort,104,1,3,1
75,3,Vector Streaming LOCAL GATHER,104,1,4,2
75,4,Vector Sonic Hash Join,104,8,5,3
75,5,Vector Streaming LOCAL REDISTRIBUTE,60,8,6,4
75,6,Vector Sonic Hash Aggregate,96,8,7,5
75,7,Vector Sonic Hash Aggregate,50,8,8,6
75,8,Vector Append,50,8,9,7
75,9,Vector Streaming LOCAL REDISTRIBUTE,50,8,10,8
75,10,Vector Hash Join,50,64,11,9
75,11,Vector Streaming LOCAL REDISTRIBUTE,43,64,12,10
75,12,Vector Sonic Hash Join,43,32,13,11
75,13,Vector Sonic Hash Join,43,32,14,12
75,14,CStore Scan,27,32,-1,13
75,15,Vector Streaming BROADCAST,20,32,16,13
75,16,CStore Scan,20,8,-1,15
75,17,Vector Streaming BROADCAST,8,32,18,12
75,18,CStore Scan,8,8,-1,17
75,19,Vector Streaming LOCAL REDISTRIBUTE,23,64,20,10
75,20,CStore Scan,23,32,-1,19
75,21,Vector Streaming LOCAL REDISTRIBUTE,50,8,22,8
75,22,Vector Hash Join,50,64,23,21
75,23,Vector Streaming LOCAL REDISTRIBUTE,43,64,24,22
75,24,Vector Sonic Hash Join,43,64,25,23
75,25,Vector Sonic Hash Join,43,64,26,24
75,26,CStore Scan,27,64,-1,25
75,27,Vector Streaming BROADCAST,20,64,28,25
75,28,CStore Scan,20,8,-1,27
75,29,Vector Streaming BROADCAST,8,64,30,24
75,30,CStore Scan,8,8,-1,29
75,31,Vector Streaming LOCAL REDISTRIBUTE,23,64,32,22
75,32,CStore Scan,23,32,-1,31
75,33,Vector Streaming LOCAL REDISTRIBUTE,50,8,34,8
75,34,Vector Hash Join,50,16,35,33
75,35,Vector Streaming LOCAL REDISTRIBUTE,43,16,36,34
75,36,Vector Sonic Hash Join,43,32,37,35
75,37,Vector Sonic Hash Join,43,32,38,36
75,38,CStore Scan,27,32,-1,37
75,39,Vector Streaming BROADCAST,20,32,40,37
75,40,CStore Scan,20,8,-1,39
75,41,Vector Streaming BROADCAST,8,32,42,36
75,42,CStore Scan,8,8,-1,41
75,43,Vector Streaming LOCAL REDISTRIBUTE,23,16,44,34
75,44,CStore Scan,23,32,-1,43
75,45,Vector Streaming LOCAL REDISTRIBUTE,60,8,46,4
75,46,Vector Subquery Scan,60,8,47,45
75,47,Vector Sonic Hash Aggregate,96,8,48,46
75,48,Vector Sonic Hash Aggregate,50,8,49,47
75,49,Vector Append,50,8,50,48
75,50,Vector Streaming LOCAL REDISTRIBUTE,50,8,51,49
75,51,Vector Hash Join,50,64,52,50
75,52,Vector Streaming LOCAL REDISTRIBUTE,43,64,53,51
75,53,Vector Sonic Hash Join,43,32,54,52
75,54,Vector Sonic Hash Join,43,32,55,53
75,55,CStore Scan,27,32,-1,54
75,56,Vector Streaming BROADCAST,20,32,57,54
75,57,CStore Scan,20,8,-1,56
75,58,Vector Streaming BROADCAST,8,32,59,53
75,59,CStore Scan,8,8,-1,58
75,60,Vector Streaming LOCAL REDISTRIBUTE,23,64,61,51
75,61,CStore Scan,23,32,-1,60
75,62,Vector Streaming LOCAL REDISTRIBUTE,50,8,63,49
75,63,Vector Hash Join,50,64,64,62
75,64,Vector Streaming LOCAL REDISTRIBUTE,43,64,65,63
75,65,Vector Sonic Hash Join,43,64,66,64
75,66,Vector Sonic Hash Join,43,64,67,65
75,67,CStore Scan,27,64,-1,66
75,68,Vector Streaming BROADCAST,20,64,69,66
75,69,CStore Scan,20,8,-1,68
75,70,Vector Streaming BROADCAST,8,64,71,65
75,71,CStore Scan,8,8,-1,70
75,72,Vector Streaming LOCAL REDISTRIBUTE,23,64,73,63
75,73,CStore Scan,23,32,-1,72
75,74,Vector Streaming LOCAL REDISTRIBUTE,50,8,75,49
75,75,Vector Hash Join,50,16,76,74
75,76,Vector Streaming LOCAL REDISTRIBUTE,43,16,77,75
75,77,Vector Sonic Hash Join,43,10,78,76
75,78,Vector Sonic Hash Join,43,10,79,77
75,79,CStore Scan,27,10,-1,78
75,80,Vector Streaming BROADCAST,20,10,81,78
75,81,CStore Scan,20,8,-1,80
75,82,Vector Streaming BROADCAST,8,10,83,77
75,83,CStore Scan,8,8,-1,82
75,84,Vector Streaming LOCAL REDISTRIBUTE,23,16,85,75
75,85,CStore Scan,23,32,-1,84
76,0,Row Adapter,174,1,1,-1
76,1,Vector Limit,174,1,2,0
76,2,Vector Sort,174,1,3,1
76,3,Vector Sonic Hash Aggregate,174,1,4,2
76,4,Vector Append,134,1,5,3
76,5,Vector Streaming LOCAL GATHER,134,1,6,4
76,6,Vector Sonic Hash Join,70,32,7,5
76,7,Vector Streaming LOCAL REDISTRIBUTE,23,32,8,6
76,8,Vector Sonic Hash Join,23,32,9,7
76,9,Vector Streaming LOCAL REDISTRIBUTE,19,32,10,8
76,10,CStore Scan,19,32,-1,9
76,11,Vector Streaming LOCAL REDISTRIBUTE,12,32,12,8
76,12,CStore Scan,12,32,-1,11
76,13,Vector Streaming LOCAL REDISTRIBUTE,55,32,14,6
76,14,CStore Scan,55,8,-1,13
76,15,Vector Sonic Hash Join,70,1,16,4
76,16,Vector Sonic Hash Join,23,1,17,15
76,17,Vector Streaming LOCAL GATHER,19,1,18,16
76,18,CStore Scan,19,32,-1,17
76,19,CStore Scan,12,1,-1,16
76,20,CStore Scan,55,1,-1,15
76,21,Vector Sonic Hash Join,70,1,22,4
76,22,Vector Sonic Hash Join,23,1,23,21
76,23,Vector Streaming LOCAL GATHER,19,1,24,22
76,24,CStore Scan,19,32,-1,23
76,25,CStore Scan,12,1,-1,22
76,26,CStore Scan,55,1,-1,21
78,0,Row Adapter,220,1,1,-1
78,1,Vector Limit,220,1,2,0
78,2,Vector Sort,220,1,3,1
78,3,Vector Streaming LOCAL GATHER,220,1,4,2
78,4,Vector Hash Join,220,8,5,3
78,5,Vector Streaming LOCAL REDISTRIBUTE,156,8,6,4
78,6,Vector Hash Join,156,64,7,5
78,7,Vector Streaming LOCAL GATHER,84,64,8,6
78,8,Vector Subquery Scan,84,96,9,7
78,9,Vector Sonic Hash Aggregate,110,96,10,8
78,10,Vector Hash Join,38,96,11,9
78,11,Vector Streaming LOCAL REDISTRIBUTE,42,96,12,10
78,12,Vector Sonic Hash Join,42,96,13,11
78,13,CStore Scan,42,96,-1,12
78,14,Vector Streaming BROADCAST,8,96,15,12
78,15,CStore Scan,8,8,-1,14
78,16,Vector Streaming LOCAL REDISTRIBUTE,8,96,17,10
78,17,CStore Scan,8,32,-1,16
78,18,Vector Streaming LOCAL GATHER,84,64,19,6
78,19,Vector Subquery Scan,84,96,20,18
78,20,Vector Sonic Hash Aggregate,110,96,21,19
78,21,Vector Hash Join,38,96,22,20
78,22,Vector Streaming LOCAL REDISTRIBUTE,42,96,23,21
78,23,Vector Sonic Hash Join,42,64,24,22
78,24,CStore Scan,42,64,-1,23
78,25,Vector Streaming BROADCAST,8,64,26,23
78,26,CStore Scan,8,8,-1,25
78,27,Vector Streaming LOCAL REDISTRIBUTE,8,96,28,21
78,28,CStore Scan,8,32,-1,27
78,29,Vector Subquery Scan,84,8,30,4
78,30,Vector Sonic Hash Aggregate,110,8,31,29
78,31,Vector Streaming LOCAL REDISTRIBUTE,38,8,32,30
78,32,Vector Sonic Hash Join,38,96,33,31
78,33,Vector Hash Join,38,96,34,32
78,34,Vector Streaming LOCAL REDISTRIBUTE,42,96,35,33
78,35,CStore Scan,42,64,-1,34
78,36,Vector Streaming LOCAL REDISTRIBUTE,8,96,37,33
78,37,CStore Scan,8,32,-1,36
78,38,Vector Streaming BROADCAST,8,96,39,32
78,39,CStore Scan,8,32,-1,38
79,0,Row Adapter,130,1,1,-1
79,1,Vector Limit,130,1,2,0
79,2,Vector Sort,130,1,3,1
79,3,Vector Streaming LOCAL GATHER,130,1,4,2
79,4,Vector Limit,130,8,5,3
79,5,Vector Sort,130,8,6,4
79,6,Vector Sonic Hash Join,130,8,7,5
79,7,Vector Sonic Hash Aggregate,108,8,8,6
79,8,Vector Streaming LOCAL REDISTRIBUTE,44,8,9,7
79,9,Vector Sonic Hash Join,44,64,10,8
79,10,Vector Sonic Hash Join,38,64,11,9
79,11,Vector Sonic Hash Join,42,64,12,10
79,12,CStore Scan,46,64,-1,11
79,13,Vector Streaming BROADCAST,4,64,14,11
79,14,CStore Scan,4,8,-1,13
79,15,Vector Streaming BROADCAST,4,64,16,10
79,16,CStore Scan,4,8,-1,15
79,17,Vector Streaming BROADCAST,14,64,18,9
79,18,CStore Scan,14,8,-1,17
79,19,Vector Streaming LOCAL REDISTRIBUTE,56,8,20,6
79,20,CStore Scan,56,32,-1,19
82,0,Row Adapter,130,1,1,-1
82,1,Vector Limit,130,1,2,0
82,2,Vector Sort,130,1,3,1
82,3,Vector Streaming LOCAL GATHER,130,1,4,2
82,4,Vector Sonic Hash Aggregate,130,8,5,3
82,5,Vector Streaming LOCAL REDISTRIBUTE,130,8,6,4
82,6,Vector Sonic Hash Aggregate,130,8,7,5
82,7,Vector Sonic Hash Join,130,8,8,6
82,8,Vector Streaming LOCAL REDISTRIBUTE,4,8,9,7
82,9,Vector Sonic Hash Join,4,26,10,8
82,10,CStore Scan,8,26,-1,9
82,11,Vector Streaming BROADCAST,4,26,12,9
82,12,CStore Scan,4,8,-1,11
82,13,Vector Streaming LOCAL REDISTRIBUTE,138,8,14,7
82,14,Vector Nest Loop,138,1,15,13
82,15,CStore Scan,134,1,-1,14
82,16,CStore Index Only Scan,4,1,-1,14
83,0,Row Adapter,41,1,1,-1
83,1,Vector Limit,41,1,2,0
83,2,Vector Sort,41,1,3,1
83,3,Vector Sonic Hash Join,41,1,4,2
83,4,Vector Sonic Hash Join,50,1,5,3
83,5,Vector Sonic Hash Aggregate,29,1,6,4
83,6,Vector Sonic Hash Join,21,1,7,5
83,7,Vector Streaming LOCAL GATHER,8,1,8,6
83,8,Vector Sonic Hash Join,8,8,9,7
83,9,CStore Scan,12,8,-1,8
83,10,Vector Streaming BROADCAST,4,8,11,8
83,11,Vector Hash Join,4,8,12,10
83,12,CStore Scan,12,8,-1,11
83,13,Vector Sonic Hash Join,8,8,14,11
83,14,CStore Scan,12,8,-1,13
83,15,Vector Sonic Hash Aggregate,4,8,16,13
83,16,CStore Scan,4,8,-1,15
83,17,CStore Scan,21,1,-1,6
83,18,Vector Subquery Scan,25,1,19,4
83,19,Vector Sonic Hash Aggregate,29,1,20,18
83,20,Vector Sonic Hash Join,21,1,21,19
83,21,Vector Streaming LOCAL GATHER,8,1,22,20
83,22,Vector Sonic Hash Join,8,8,23,21
83,23,CStore Scan,12,8,-1,22
83,24,Vector Streaming BROADCAST,4,8,25,22
83,25,Vector Hash Join,4,8,26,24
83,26,CStore Scan,12,8,-1,25
83,27,Vector Sonic Hash Join,8,8,28,25
83,28,CStore Scan,12,8,-1,27
83,29,Vector Sonic Hash Aggregate,4,8,30,27
83,30,CStore Scan,4,8,-1,29
83,31,CStore Scan,21,1,-1,20
83,32,Vector Subquery Scan,25,1,33,3
83,33,Vector Sonic Hash Aggregate,29,1,34,32
83,34,Vector Sonic Hash Join,21,1,35,33
83,35,Vector Streaming LOCAL GATHER,8,1,36,34
83,36,Vector Sonic Hash Join,8,8,37,35
83,37,CStore Scan,12,8,-1,36
83,38,Vector Streaming BROADCAST,4,8,39,36
83,39,Vector Hash Join,4,8,40,38
83,40,CStore Scan,12,8,-1,39
83,41,Vector Sonic Hash Join,8,8,42,39
83,42,CStore Scan,12,8,-1,41
83,43,Vector Sonic Hash Aggregate,4,8,44,41
83,44,CStore Scan,4,8,-1,43
83,45,CStore Scan,21,1,-1,34
84,0,Row Adapter,69,1,1,-1
84,1,Vector Limit,69,1,2,0
84,2,Vector Sort,69,1,3,1
84,3,Vector Streaming LOCAL GATHER,69,1,4,2
84,4,Vector Limit,69,8,5,3
84,5,Vector Sort,69,8,6,4
84,6,Vector Sonic Hash Join,69,8,7,5
84,7,CStore Scan,4,8,-1,6
84,8,Vector Streaming BROADCAST,77,8,9,6
84,9,Vector Sonic Hash Join,77,8,10,8
84,10,CStore Scan,4,8,-1,9
84,11,Vector Sonic Hash Join,73,8,12,9
84,12,Vector Sonic Hash Join,77,8,13,11
84,13,CStore Scan,81,8,-1,12
84,14,CStore Scan,4,8,-1,12
84,15,Vector Sonic Hash Join,4,8,16,11
84,16,CStore Scan,8,8,-1,15
84,17,CStore Scan,4,8,-1,15
85,0,Limit,223,1,1,-1
85,1,Sort,223,1,2,0
85,2,Aggregate,223,1,3,1
85,3,Sort,127,1,4,2
85,4,Nested Loop,127,1,5,3
85,5,Nested Loop,30,1,6,4
85,6,Nested Loop,57,1,7,5
85,7,Hash Join,49,1,8,6
85,8,Streaming(type: LOCAL GATHER dop: 1/64),64,1,9,7
85,9,Hash Join,64,32,10,8
85,10,Streaming(type: LOCAL REDISTRIBUTE dop: 64/64),34,32,11,9
85,11,Hash Join,34,96,12,10
85,12,Hash Join,38,96,13,11
85,13,Row Adapter,42,96,14,12
85,14,CStore Scan,42,96,-1,13
85,15,Hash,4,96,16,12
85,16,Streaming(type: BROADCAST dop: 64/1),4,96,17,15
85,17,Row Adapter,4,32,18,16
85,18,CStore Scan,4,32,-1,17
85,19,Hash,4,96,20,11
85,20,Streaming(type: BROADCAST dop: 64/1),4,96,21,19
85,21,Row Adapter,4,32,22,20
85,22,CStore Scan,4,32,-1,21
85,23,Hash,46,32,24,9
85,24,Streaming(type: LOCAL REDISTRIBUTE dop: 64/64),46,32,25,23
85,25,Row Adapter,46,32,26,24
85,26,CStore Scan,46,32,-1,25
85,27,Hash,7,1,28,7
85,28,Row Adapter,7,1,29,27
85,29,CStore Scan,7,1,-1,28
85,30,Row Adapter,27,1,31,6
85,31,CStore Index Scan,27,1,-1,30
85,32,Row Adapter,27,1,33,5
85,33,CStore Index Scan,27,1,-1,32
85,34,Index Scan,105,1,-1,4
86,0,Row Adapter,177,1,1,-1
86,1,Vector Limit,177,1,2,0
86,2,Vector Sort,177,1,3,1
86,3,Vector Streaming LOCAL GATHER,177,1,4,2
86,4,Vector WindowAgg,177,8,5,3
86,5,Vector Sort,177,8,6,4
86,6,Vector Streaming LOCAL REDISTRIBUTE,177,8,7,5
86,7,Vector Hash Aggregate,177,8,8,6
86,8,Vector Streaming LOCAL REDISTRIBUTE,145,8,9,7
86,9,Vector Sort Aggregate,145,8,10,8
86,10,Vector Sort,113,8,11,9
86,11,Vector Sonic Hash Join,113,8,12,10
86,12,Vector Streaming LOCAL REDISTRIBUTE,15,8,13,11
86,13,Vector Sonic Hash Join,15,64,14,12
86,14,CStore Scan,19,64,-1,13
86,15,Vector Streaming BROADCAST,4,64,16,13
86,16,CStore Scan,4,8,-1,15
86,17,Vector Streaming LOCAL REDISTRIBUTE,106,8,18,11
86,18,CStore Scan,106,16,-1,17
87,0,Row Adapter,8,1,1,-1
87,1,Vector Aggregate,8,1,2,0
87,2,Vector Streaming LOCAL GATHER,8,1,3,1
87,3,Vector Aggregate,8,8,4,2
87,4,Vector Subquery Scan,0,8,5,3
87,5,Vector SetOp,60,8,6,4
87,6,Vector Append,60,8,7,5
87,7,Vector Result,60,8,8,6
87,8,Vector SetOp,60,8,9,7
87,9,Vector Append,60,8,10,8
87,10,Vector Subquery Scan,60,8,11,9
87,11,Vector Sonic Hash Aggregate,60,8,12,10
87,12,Vector Streaming LOCAL REDISTRIBUTE,60,8,13,11
87,13,Vector Sonic Hash Join,60,64,14,12
87,14,Vector Streaming LOCAL REDISTRIBUTE,12,64,15,13
87,15,Vector Sonic Hash Join,12,96,16,14
87,16,CStore Scan,8,96,-1,15
87,17,Vector Streaming BROADCAST,12,96,18,15
87,18,CStore Scan,12,8,-1,17
87,19,Vector Streaming LOCAL REDISTRIBUTE,56,64,20,13
87,20,CStore Scan,56,32,-1,19
87,21,Vector Subquery Scan,60,8,22,9
87,22,Vector Sonic Hash Aggregate,60,8,23,21
87,23,Vector Streaming LOCAL REDISTRIBUTE,60,8,24,22
87,24,Vector Sonic Hash Join,60,64,25,23
87,25,Vector Streaming LOCAL REDISTRIBUTE,12,64,26,24
87,26,Vector Sonic Hash Join,12,64,27,25
87,27,CStore Scan,8,64,-1,26
87,28,Vector Streaming BROADCAST,12,64,29,26
87,29,CStore Scan,12,8,-1,28
87,30,Vector Streaming LOCAL REDISTRIBUTE,56,64,31,24
87,31,CStore Scan,56,32,-1,30
87,32,Vector Subquery Scan,60,8,33,6
87,33,Vector Sonic Hash Aggregate,60,8,34,32
87,34,Vector Streaming LOCAL REDISTRIBUTE,60,8,35,33
87,35,Vector Sonic Hash Join,60,32,36,34
87,36,Vector Streaming LOCAL REDISTRIBUTE,56,32,37,35
87,37,CStore Scan,56,32,-1,36
87,38,Vector Streaming LOCAL REDISTRIBUTE,12,32,39,35
87,39,Vector Sonic Hash Join,12,32,40,38
87,40,CStore Scan,8,32,-1,39
87,41,Vector Streaming BROADCAST,12,32,42,39
87,42,CStore Scan,12,8,-1,41
88,0,Row Adapter,64,1,1,-1
88,1,Vector Nest Loop,64,1,2,0
88,2,Vector Nest Loop,56,1,3,1
88,3,Vector Nest Loop,48,1,4,2
88,4,Vector Nest Loop,40,1,5,3
88,5,Vector Nest Loop,32,1,6,4
88,6,Vector Nest Loop,24,1,7,5
88,7,Vector Nest Loop,16,1,8,6
88,8,Vector Aggregate,8,1,9,7
88,9,Vector Sonic Hash Join,0,1,10,8
88,10,Vector Streaming LOCAL GATHER,4,1,11,9
88,11,Vector Sonic Hash Join,4,32,12,10
88,12,Vector Sonic Hash Join,8,32,13,11
88,13,CStore Scan,12,32,-1,12
88,14,Vector Streaming BROADCAST,4,32,15,12
88,15,CStore Scan,4,8,-1,14
88,16,Vector Streaming BROADCAST,4,32,17,11
88,17,CStore Scan,4,8,-1,16
88,18,CStore Scan,4,1,-1,9
88,19,Vector Materialize,8,1,20,7
88,20,Vector Aggregate,8,1,21,19
88,21,Vector Sonic Hash Join,0,1,22,20
88,22,Vector Streaming LOCAL GATHER,4,1,23,21
88,23,Vector Sonic Hash Join,4,32,24,22
88,24,Vector Sonic Hash Join,8,32,25,23
88,25,CStore Scan,12,32,-1,24
88,26,Vector Streaming BROADCAST,4,32,27,24
88,27,CStore Scan,4,8,-1,26
88,28,Vector Streaming BROADCAST,4,32,29,23
88,29,CStore Scan,4,8,-1,28
88,30,CStore Scan,4,1,-1,21
88,31,Vector Materialize,8,1,32,6
88,32,Vector Aggregate,8,1,33,31
88,33,Vector Sonic Hash Join,0,1,34,32
88,34,Vector Streaming LOCAL GATHER,4,1,35,33
88,35,Vector Sonic Hash Join,4,32,36,34
88,36,Vector Sonic Hash Join,8,32,37,35
88,37,CStore Scan,12,32,-1,36
88,38,Vector Streaming BROADCAST,4,32,39,36
88,39,CStore Scan,4,8,-1,38
88,40,Vector Streaming BROADCAST,4,32,41,35
88,41,CStore Scan,4,8,-1,40
88,42,CStore Scan,4,1,-1,33
88,43,Vector Materialize,8,1,44,5
88,44,Vector Aggregate,8,1,45,43
88,45,Vector Sonic Hash Join,0,1,46,44
88,46,Vector Streaming LOCAL GATHER,4,1,47,45
88,47,Vector Sonic Hash Join,4,32,48,46
88,48,Vector Sonic Hash Join,8,32,49,47
88,49,CStore Scan,12,32,-1,48
88,50,Vector Streaming BROADCAST,4,32,51,48
88,51,CStore Scan,4,8,-1,50
88,52,Vector Streaming BROADCAST,4,32,53,47
88,53,CStore Scan,4,8,-1,52
88,54,CStore Scan,4,1,-1,45
88,55,Vector Materialize,8,1,56,4
88,56,Vector Aggregate,8,1,57,55
88,57,Vector Sonic Hash Join,0,1,58,56
88,58,Vector Streaming LOCAL GATHER,4,1,59,57
88,59,Vector Sonic Hash Join,4,32,60,58
88,60,Vector Sonic Hash Join,8,32,61,59
88,61,CStore Scan,12,32,-1,60
88,62,Vector Streaming BROADCAST,4,32,63,60
88,63,CStore Scan,4,8,-1,62
88,64,Vector Streaming BROADCAST,4,32,65,59
88,65,CStore Scan,4,8,-1,64
88,66,CStore Scan,4,1,-1,57
88,67,Vector Materialize,8,1,68,3
88,68,Vector Aggregate,8,1,69,67
88,69,Vector Sonic Hash Join,0,1,70,68
88,70,Vector Streaming LOCAL GATHER,4,1,71,69
88,71,Vector Sonic Hash Join,4,32,72,70
88,72,Vector Sonic Hash Join,8,32,73,71
88,73,CStore Scan,12,32,-1,72
88,74,Vector Streaming BROADCAST,4,32,75,72
88,75,CStore Scan,4,8,-1,74
88,76,Vector Streaming BROADCAST,4,32,77,71
88,77,CStore Scan,4,8,-1,76
88,78,CStore Scan,4,1,-1,69
88,79,Vector Materialize,8,1,80,2
88,80,Vector Aggregate,8,1,81,79
88,81,Vector Sonic Hash Join,0,1,82,80
88,82,Vector Streaming LOCAL GATHER,4,1,83,81
88,83,Vector Sonic Hash Join,4,32,84,82
88,84,Vector Sonic Hash Join,8,32,85,83
88,85,CStore Scan,12,32,-1,84
88,86,Vector Streaming BROADCAST,4,32,87,84
88,87,CStore Scan,4,8,-1,86
88,88,Vector Streaming BROADCAST,4,32,89,83
88,89,CStore Scan,4,8,-1,88
88,90,CStore Scan,4,1,-1,81
88,91,Vector Materialize,8,1,92,1
88,92,Vector Aggregate,8,1,93,91
88,93,Vector Sonic Hash Join,0,1,94,92
88,94,Vector Streaming LOCAL GATHER,4,1,95,93
88,95,Vector Sonic Hash Join,4,32,96,94
88,96,Vector Sonic Hash Join,8,32,97,95
88,97,CStore Scan,12,32,-1,96
88,98,Vector Streaming BROADCAST,4,32,99,96
88,99,CStore Scan,4,8,-1,98
88,100,Vector Streaming BROADCAST,4,32,101,95
88,101,CStore Scan,4,8,-1,100
88,102,CStore Scan,4,1,-1,93
89,0,Row Adapter,233,1,1,-1
89,1,Vector Limit,233,1,2,0
89,2,Vector Sort,233,1,3,1
89,3,Vector Streaming LOCAL GATHER,233,1,4,2
89,4,Vector Subquery Scan,233,8,5,3
89,5,Vector WindowAgg,244,8,6,4
89,6,Vector Sort,244,8,7,5
89,7,Vector Streaming LOCAL REDISTRIBUTE,244,8,8,6
89,8,Vector Sonic Hash Aggregate,244,8,9,7
89,9,Vector Streaming LOCAL REDISTRIBUTE,244,8,10,8
89,10,Vector Sonic Hash Aggregate,244,10,11,9
89,11,Vector Sonic Hash Join,180,10,12,10
89,12,Vector Sonic Hash Join,172,10,13,11
89,13,Vector Sonic Hash Join,172,10,14,12
89,14,CStore Scan,23,10,-1,13
89,15,Vector Streaming BROADCAST,157,10,16,13
89,16,CStore Scan,157,8,-1,15
89,17,Vector Streaming BROADCAST,8,10,18,12
89,18,CStore Scan,8,8,-1,17
89,19,Vector Streaming BROADCAST,16,10,20,11
89,20,CStore Scan,16,8,-1,19
90,0,Row Adapter,16,1,1,-1
90,1,Vector Limit,16,1,2,0
90,2,Vector Sort,16,1,3,1
90,3,Vector Nest Loop,16,1,4,2
90,4,Vector Aggregate,8,1,5,3
90,5,Vector Sonic Hash Join,0,1,6,4
90,6,Vector Sonic Hash Join,4,1,7,5
90,7,Vector Streaming LOCAL GATHER,8,1,8,6
90,8,Vector Sonic Hash Join,8,8,9,7
90,9,CStore Scan,12,8,-1,8
90,10,Vector Streaming BROADCAST,4,8,11,8
90,11,CStore Scan,4,8,-1,10
90,12,CStore Scan,4,1,-1,6
90,13,CStore Scan,4,1,-1,5
90,14,Vector Materialize,8,1,15,3
90,15,Vector Aggregate,8,1,16,14
90,16,Vector Sonic Hash Join,0,1,17,15
90,17,Vector Sonic Hash Join,4,1,18,16
90,18,Vector Streaming LOCAL GATHER,8,1,19,17
90,19,Vector Sonic Hash Join,8,8,20,18
90,20,CStore Scan,12,8,-1,19
90,21,Vector Streaming BROADCAST,4,8,22,19
90,22,CStore Scan,4,8,-1,21
90,23,CStore Scan,4,1,-1,17
90,24,CStore Scan,4,1,-1,16
91,0,Row Adapter,110,1,1,-1
91,1,Vector Sort,110,1,2,0
91,2,Vector Sonic Hash Aggregate,110,1,3,1
91,3,Vector Sonic Hash Join,78,1,4,2
91,4,Vector Sonic Hash Join,38,1,5,3
91,5,CStore Scan,4,1,-1,4
91,6,Vector Sonic Hash Join,42,1,7,4
91,7,Vector Streaming LOCAL GATHER,19,1,8,6
91,8,Vector Sonic Hash Join,19,8,9,7
91,9,CStore Scan,23,8,-1,8
91,10,Vector Streaming BROADCAST,4,8,11,8
91,11,CStore Scan,4,8,-1,10
91,12,Vector Sonic Hash Join,31,1,13,6
91,13,Vector Sonic Hash Join,12,1,14,12
91,14,CStore Scan,16,1,-1,13
91,15,CStore Scan,4,1,-1,13
91,16,CStore Scan,27,1,-1,12
91,17,CStore Scan,48,1,-1,3
93,0,Limit,55,1,1,-1
93,1,Sort,55,1,2,0
93,2,Streaming(type: LOCAL GATHER dop: 1/64),55,1,3,1
93,3,Aggregate,55,8,4,2
93,4,Streaming(type: LOCAL REDISTRIBUTE dop: 64/64),23,8,5,3
93,5,Hash Join,23,8,6,4
93,6,Streaming(type: LOCAL REDISTRIBUTE dop: 64/64),27,8,7,5
93,7,Row Adapter,27,10,8,6
93,8,CStore Scan,27,10,-1,7
93,9,Hash,12,8,10,5
93,10,Streaming(type: LOCAL REDISTRIBUTE dop: 64/64),12,8,11,9
93,11,Hash Join,12,8,12,10
93,12,Row Adapter,16,8,13,11
93,13,CStore Scan,16,8,-1,12
93,14,Hash,4,8,15,11
93,15,Streaming(type: BROADCAST dop: 64/1),4,8,16,14
93,16,Seq Scan,4,1,-1,15
94,0,Row Adapter,98,1,1,-1
94,1,Vector Limit,98,1,2,0
94,2,Vector Sort,98,1,3,1
94,3,Vector Aggregate,98,1,4,2
94,4,Vector Nest Loop,26,1,5,3
94,5,Vector Sonic Hash Join,30,1,6,4
94,6,Vector Nest Loop,34,1,7,5
94,7,Vector Streaming LOCAL GATHER,38,1,8,6
94,8,Vector Hash Join,38,32,9,7
94,9,Vector Streaming LOCAL REDISTRIBUTE,38,32,10,8
94,10,Vector Sonic Hash Join,38,16,11,9
94,11,CStore Scan,42,16,-1,10
94,12,Vector Streaming BROADCAST,4,16,13,10
94,13,CStore Scan,4,8,-1,12
94,14,Vector Streaming LOCAL REDISTRIBUTE,4,32,15,8
94,15,CStore Scan,4,8,-1,14
94,16,CStore Index Scan,4,1,-1,6
94,17,CStore Scan,4,1,-1,5
94,18,CStore Index Scan,8,1,-1,4
96,0,Row Adapter,8,1,1,-1
96,1,Vector Limit,8,1,2,0
96,2,Vector Sort,8,1,3,1
96,3,Vector Aggregate,8,1,4,2
96,4,Vector Sonic Hash Join,0,1,5,3
96,5,Vector Streaming LOCAL GATHER,4,1,6,4
96,6,Vector Sonic Hash Join,4,10,7,5
96,7,Vector Sonic Hash Join,8,10,8,6
96,8,CStore Scan,12,10,-1,7
96,9,Vector Streaming BROADCAST,4,10,10,7
96,10,CStore Scan,4,8,-1,9
96,11,Vector Streaming BROADCAST,4,10,12,6
96,12,CStore Scan,4,8,-1,11
96,13,CStore Scan,4,1,-1,4
97,0,Limit,32,1,1,-1
97,1,Aggregate,32,1,2,0
97,2,Streaming(type: LOCAL GATHER dop: 1/64),32,1,3,1
97,3,Aggregate,32,8,4,2
97,4,Hash Join,8,8,5,3
97,5,Aggregate,8,8,6,4
97,6,Streaming(type: LOCAL REDISTRIBUTE dop: 64/64),8,8,7,5
97,7,Hash Join,8,32,8,6
97,8,Row Adapter,12,32,9,7
97,9,CStore Scan,12,32,-1,8
97,10,Hash,4,32,11,7
97,11,Streaming(type: BROADCAST dop: 64/1),4,32,12,10
97,12,Row Adapter,4,32,13,11
97,13,CStore Scan,4,32,-1,12
97,14,Hash,8,8,15,4
97,15,Aggregate,8,8,16,14
97,16,Streaming(type: LOCAL REDISTRIBUTE dop: 64/64),8,8,17,15
97,17,Hash Join,8,96,18,16
97,18,Row Adapter,12,96,19,17
97,19,CStore Scan,12,96,-1,18
97,20,Hash,4,96,21,17
97,21,Streaming(type: BROADCAST dop: 64/1),4,96,22,20
97,22,Row Adapter,4,32,23,21
97,23,CStore Scan,4,32,-1,22
98,0,Row Adapter,339,1,1,-1
98,1,Vector Sort,339,1,2,0
98,2,Vector WindowAgg,339,1,3,1
98,3,Vector Sort,339,1,4,2
98,4,Vector Hash Aggregate,339,1,5,3
98,5,Vector Sonic Hash Join,243,1,6,4
98,6,Vector Streaming LOCAL GATHER,15,1,7,5
98,7,Vector Sonic Hash Join,15,64,8,6
98,8,CStore Scan,19,64,-1,7
98,9,Vector Streaming BROADCAST,4,64,10,7
98,10,CStore Scan,4,8,-1,9
98,11,CStore Scan,236,1,-1,5
99,0,Row Adapter,110,1,1,-1
99,1,Vector Limit,110,1,2,0
99,2,Vector Sort,110,1,3,1
99,3,Vector Streaming LOCAL GATHER,110,1,4,2
99,4,Vector Hash Aggregate,110,8,5,3
99,5,Vector Streaming LOCAL REDISTRIBUTE,110,8,6,4
99,6,Vector Hash Aggregate,110,10,7,5
99,7,Vector Sonic Hash Join,70,10,8,6
99,8,Vector Sonic Hash Join,60,10,9,7
99,9,Vector Sonic Hash Join,33,10,10,8
99,10,Vector Sonic Hash Join,20,10,11,9
99,11,CStore Scan,20,10,-1,10
99,12,Vector Streaming BROADCAST,4,10,13,10
99,13,CStore Scan,4,8,-1,12
99,14,Vector Streaming BROADCAST,21,10,15,9
99,15,CStore Scan,21,8,-1,14
99,16,Vector Streaming BROADCAST,35,10,17,8
99,17,CStore Scan,35,8,-1,16
99,18,Vector Streaming BROADCAST,18,10,19,7
99,19,CStore Scan,18,8,-1,18
